-- phpMyAdmin SQL Dump
-- version 5.2.2
-- https://www.phpmyadmin.net/
--
-- Host: mysql-db
-- Generation Time: Jul 09, 2025 at 02:57 AM
-- Server version: 9.3.0
-- PHP Version: 8.2.27

SET SQL_MODE = "NO_AUTO_VALUE_ON_ZERO";
START TRANSACTION;
SET time_zone = "+00:00";


/*!40101 SET @OLD_CHARACTER_SET_CLIENT=@@CHARACTER_SET_CLIENT */;
/*!40101 SET @OLD_CHARACTER_SET_RESULTS=@@CHARACTER_SET_RESULTS */;
/*!40101 SET @OLD_COLLATION_CONNECTION=@@COLLATION_CONNECTION */;
/*!40101 SET NAMES utf8mb4 */;

--
-- Database: `cuanku`
--

-- --------------------------------------------------------

--
-- Table structure for table `assets`
--

CREATE TABLE `assets` (
  `id` char(36) COLLATE utf8mb4_unicode_ci NOT NULL,
  `user_id` char(36) COLLATE utf8mb4_unicode_ci NOT NULL,
  `net_worth_id` char(36) COLLATE utf8mb4_unicode_ci NOT NULL,
  `detail` varchar(255) COLLATE utf8mb4_unicode_ci NOT NULL,
  `goal` varchar(255) COLLATE utf8mb4_unicode_ci NOT NULL,
  `type` varchar(255) COLLATE utf8mb4_unicode_ci NOT NULL,
  `created_at` timestamp NULL DEFAULT NULL,
  `updated_at` timestamp NULL DEFAULT NULL
) ENGINE=InnoDB DEFAULT CHARSET=utf8mb4 COLLATE=utf8mb4_unicode_ci;

--
-- Dumping data for table `assets`
--

INSERT INTO `assets` (`id`, `user_id`, `net_worth_id`, `detail`, `goal`, `type`, `created_at`, `updated_at`) VALUES
('0197e970-845c-7148-b425-0d4476417d87', '0197c64d-c615-72f9-8258-ccebafc23906', '0197e96c-77ae-702a-a8f7-a0180169b22e', 'emas', 'menghindari inflasi', 'Investasi Jangka Panjang', '2025-07-08 09:49:14', '2025-07-08 09:49:14'),
('0197e986-f213-7144-ba09-df8b21d25ebc', '0197c64d-c615-72f9-8258-ccebafc23906', '0197e96c-77ae-702a-a8f7-a0180169b22e', 'uang pensiun', 'for future', 'Personal', '2025-07-08 10:13:44', '2025-07-08 10:13:44'),
('0197e991-3a33-70a5-9b51-42c1de8045ab', '0197c64d-c615-72f9-8258-ccebafc23906', '0197e96c-77ae-702a-a8f7-a0180169b22e', 'reksadana', 'financial freedom', 'Investasi Jangka Menengah', '2025-07-08 10:24:58', '2025-07-08 10:24:58');

-- --------------------------------------------------------

--
-- Table structure for table `balances`
--

CREATE TABLE `balances` (
  `id` char(36) COLLATE utf8mb4_unicode_ci NOT NULL,
  `user_id` char(36) COLLATE utf8mb4_unicode_ci NOT NULL,
  `goal_id` char(36) COLLATE utf8mb4_unicode_ci NOT NULL,
  `amount` int UNSIGNED NOT NULL DEFAULT '0',
  `created_at` timestamp NULL DEFAULT NULL,
  `updated_at` timestamp NULL DEFAULT NULL
) ENGINE=InnoDB DEFAULT CHARSET=utf8mb4 COLLATE=utf8mb4_unicode_ci;

--
-- Dumping data for table `balances`
--

INSERT INTO `balances` (`id`, `user_id`, `goal_id`, `amount`, `created_at`, `updated_at`) VALUES
('0197cfc7-ac5f-71ec-92dd-7f0eab915666', '0197c651-783c-706b-b104-5d6a01ece0aa', '0197cfc7-7a1d-7161-aa41-d38b91ba9952', 100000, '2025-07-03 10:14:18', '2025-07-03 10:14:18'),
('0197d8f0-b149-73f1-a142-5fd950660038', '0197c651-783c-706b-b104-5d6a01ece0aa', '0197cfc7-7a1d-7161-aa41-d38b91ba9952', 200000, '2025-07-05 04:55:42', '2025-07-05 04:55:42'),
('0197db40-aef5-71d5-8cce-2bf4f5146a2d', '0197ca16-89f9-70eb-8874-cd6ed5d701fd', '0197db3f-cd7d-736d-8c1e-ae8f8a0b4b7f', 2000000, '2025-07-05 15:42:18', '2025-07-05 15:42:18'),
('0197db40-f289-7353-8597-5d80fbf1af19', '0197ca16-89f9-70eb-8874-cd6ed5d701fd', '0197db3f-cd7d-736d-8c1e-ae8f8a0b4b7f', 5000000, '2025-07-05 15:42:36', '2025-07-05 15:42:36'),
('0197e8ff-a244-7286-bd3b-457c02955644', '0197c64d-c615-72f9-8258-ccebafc23906', '0197e8fa-ff51-705b-93dd-2048101b73bf', 500000, '2025-07-08 07:45:56', '2025-07-08 07:45:56'),
('0197e900-23ce-72c8-b492-161d4e06fd86', '0197c64d-c615-72f9-8258-ccebafc23906', '0197e8fa-ff51-705b-93dd-2048101b73bf', 3500000, '2025-07-08 07:46:29', '2025-07-08 07:46:29'),
('0197e968-72f2-7210-bc9a-7bd7f51c173c', '0197c64d-c615-72f9-8258-ccebafc23906', '0197e8fa-ff51-705b-93dd-2048101b73bf', 3000000, '2025-07-08 09:40:25', '2025-07-08 09:40:25'),
('0197e968-c643-7097-9f76-037c2e3dc320', '0197c64d-c615-72f9-8258-ccebafc23906', '0197e8fa-ff51-705b-93dd-2048101b73bf', 400000, '2025-07-08 09:40:47', '2025-07-08 09:40:47'),
('0197e969-7184-700c-8f55-a910589bd0f0', '0197c64d-c615-72f9-8258-ccebafc23906', '0197e8fa-ff51-705b-93dd-2048101b73bf', 100000, '2025-07-08 09:41:31', '2025-07-08 09:41:31');

-- --------------------------------------------------------

--
-- Table structure for table `budgets`
--

CREATE TABLE `budgets` (
  `id` char(36) COLLATE utf8mb4_unicode_ci NOT NULL,
  `user_id` char(36) COLLATE utf8mb4_unicode_ci NOT NULL,
  `detail` varchar(255) COLLATE utf8mb4_unicode_ci NOT NULL,
  `nominal` int UNSIGNED NOT NULL DEFAULT '0',
  `month` varchar(255) COLLATE utf8mb4_unicode_ci NOT NULL,
  `year` smallint UNSIGNED NOT NULL,
  `type` varchar(255) COLLATE utf8mb4_unicode_ci NOT NULL,
  `created_at` timestamp NULL DEFAULT NULL,
  `updated_at` timestamp NULL DEFAULT NULL
) ENGINE=InnoDB DEFAULT CHARSET=utf8mb4 COLLATE=utf8mb4_unicode_ci;

--
-- Dumping data for table `budgets`
--

INSERT INTO `budgets` (`id`, `user_id`, `detail`, `nominal`, `month`, `year`, `type`, `created_at`, `updated_at`) VALUES
('0197dbdb-64b5-70d5-a814-3e61b790dd0d', '0197ca16-89f9-70eb-8874-cd6ed5d701fd', 'Anggaran Bulanan Mahasiswa Kost', 2030000, 'Mei', 2025, 'Tagihan', '2025-07-05 18:31:17', '2025-07-05 18:31:17'),
('0197e8fb-ca32-7251-badf-b8841ef3c21f', '0197c64d-c615-72f9-8258-ccebafc23906', 'menabung', 500000, 'Juli', 2025, 'Tabungan dan Investasi', '2025-07-08 07:41:44', '2025-07-08 07:41:44'),
('0197e8fc-5aec-7259-b37e-24d39f70887d', '0197c64d-c615-72f9-8258-ccebafc23906', 'gaji', 14000000, 'Juli', 2025, 'Penghasilan', '2025-07-08 07:42:21', '2025-07-08 07:42:21'),
('0197e962-71ab-722e-8f72-bd2e7d1a14e9', '0197c64d-c615-72f9-8258-ccebafc23906', 'nabung', 3400000, 'Juli', 2025, 'Tagihan', '2025-07-08 09:33:52', '2025-07-08 09:33:52'),
('0197e963-4eee-7048-b034-db31b38ea739', '0197c64d-c615-72f9-8258-ccebafc23906', 'beli btc', 8000000, 'Juli', 2025, 'Tabungan dan Investasi', '2025-07-08 09:34:49', '2025-07-08 09:34:49'),
('0197e963-c9e9-72bd-b070-4cc12c0df2d8', '0197c64d-c615-72f9-8258-ccebafc23906', 'makanan during one month', 800000, 'Juli', 2025, 'Belanja', '2025-07-08 09:35:20', '2025-07-08 09:35:20'),
('0197e964-2d5a-7287-882e-66acbc91ae4f', '0197c64d-c615-72f9-8258-ccebafc23906', 'nyicil', 890000, 'Juli', 2025, 'Cicilan Hutang', '2025-07-08 09:35:46', '2025-07-08 09:35:46'),
('0197e964-c462-7383-80c7-8f91c6d84c1d', '0197c64d-c615-72f9-8258-ccebafc23906', 'biaya rumah', 90000000, 'Juli', 2025, 'Tagihan', '2025-07-08 09:36:24', '2025-07-08 09:36:24'),
('0197e979-7fb6-7250-b236-5b0323de0969', '0197ca16-89f9-70eb-8874-cd6ed5d701fd', 'Anggaran Riset & Publikasi Jurnal Scopus', 1250000, 'Januari', 2025, 'Pengeluaran', '2025-07-08 09:59:03', '2025-07-08 09:59:17'),
('0197e97a-f954-726b-adea-f4f7d60e9155', '0197ca16-89f9-70eb-8874-cd6ed5d701fd', 'anggaran publikasi', 2300000, 'Juli', 2025, 'Pengeluaran', '2025-07-08 10:00:40', '2025-07-08 10:00:40'),
('0197e980-a0a0-7130-966c-79710f05ffde', '0197ca16-89f9-70eb-8874-cd6ed5d701fd', 'Alat Penunjang Riset', 300000, 'Juli', 2025, 'Penghasilan', '2025-07-08 10:06:50', '2025-07-08 10:07:29'),
('0197e990-6ab3-7013-95f3-ffca378dc15e', '0197ca16-89f9-70eb-8874-cd6ed5d701fd', 'Biaya Internet Rumah', 350000, 'Juli', 2025, 'Tagihan', '2025-07-08 10:24:05', '2025-07-08 10:24:05'),
('0197e9a2-bf17-703b-b6f3-4d94e330a9b6', '0197ca16-89f9-70eb-8874-cd6ed5d701fd', 'Beli Buku', 150000, 'Juli', 2025, 'Belanja', '2025-07-08 10:44:06', '2025-07-08 10:44:06'),
('0197e9a8-648f-72a8-9769-e58aafe67619', '0197ca16-89f9-70eb-8874-cd6ed5d701fd', 'Hutang Teman', 200000, 'Mei', 2025, 'Cicilan Hutang', '2025-07-08 10:50:16', '2025-07-08 10:50:16'),
('0197e9ab-b2f0-738e-8b3d-4b5a875f27f1', '0197c64d-c615-72f9-8258-ccebafc23906', 'nyicil hp', 800000, 'Desember', 2025, 'Tagihan', '2025-07-08 10:53:53', '2025-07-08 10:53:53'),
('0197e9ac-3c7d-7327-9fc2-924c161d9215', '0197ca16-89f9-70eb-8874-cd6ed5d701fd', 'Belanja Sepatu', 1000000, 'April', 2025, 'Pengeluaran', '2025-07-08 10:54:28', '2025-07-08 10:54:28'),
('0197e9d0-d062-71a7-af66-cc71d2cded09', '0197ca16-89f9-70eb-8874-cd6ed5d701fd', 'Tabungan Dana Darurat', 500000, 'Februari', 2023, 'Tabungan dan Investasi', '2025-07-08 11:34:25', '2025-07-08 11:34:25');

-- --------------------------------------------------------

--
-- Table structure for table `cache`
--

CREATE TABLE `cache` (
  `key` varchar(255) COLLATE utf8mb4_unicode_ci NOT NULL,
  `value` mediumtext COLLATE utf8mb4_unicode_ci NOT NULL,
  `expiration` int NOT NULL
) ENGINE=InnoDB DEFAULT CHARSET=utf8mb4 COLLATE=utf8mb4_unicode_ci;

-- --------------------------------------------------------

--
-- Table structure for table `cache_locks`
--

CREATE TABLE `cache_locks` (
  `key` varchar(255) COLLATE utf8mb4_unicode_ci NOT NULL,
  `owner` varchar(255) COLLATE utf8mb4_unicode_ci NOT NULL,
  `expiration` int NOT NULL
) ENGINE=InnoDB DEFAULT CHARSET=utf8mb4 COLLATE=utf8mb4_unicode_ci;

-- --------------------------------------------------------

--
-- Table structure for table `expenses`
--

CREATE TABLE `expenses` (
  `id` char(36) COLLATE utf8mb4_unicode_ci NOT NULL,
  `user_id` char(36) COLLATE utf8mb4_unicode_ci NOT NULL,
  `budget_id` char(36) COLLATE utf8mb4_unicode_ci NOT NULL,
  `payment_id` char(36) COLLATE utf8mb4_unicode_ci NOT NULL,
  `date` date NOT NULL,
  `description` varchar(255) COLLATE utf8mb4_unicode_ci NOT NULL,
  `nominal` int UNSIGNED NOT NULL DEFAULT '0',
  `type` varchar(255) COLLATE utf8mb4_unicode_ci NOT NULL,
  `notes` varchar(255) COLLATE utf8mb4_unicode_ci DEFAULT NULL,
  `month` varchar(255) COLLATE utf8mb4_unicode_ci NOT NULL,
  `year` smallint UNSIGNED NOT NULL,
  `created_at` timestamp NULL DEFAULT NULL,
  `updated_at` timestamp NULL DEFAULT NULL
) ENGINE=InnoDB DEFAULT CHARSET=utf8mb4 COLLATE=utf8mb4_unicode_ci;

--
-- Dumping data for table `expenses`
--

INSERT INTO `expenses` (`id`, `user_id`, `budget_id`, `payment_id`, `date`, `description`, `nominal`, `type`, `notes`, `month`, `year`, `created_at`, `updated_at`) VALUES
('0197e8fe-b5b0-7314-89fe-d54be70267e4', '0197c64d-c615-72f9-8258-ccebafc23906', '0197e8fb-ca32-7251-badf-b8841ef3c21f', '0197e8f9-9949-7393-ba50-02c243df541e', '2025-07-08', 'beli btc', 1000000, 'Tabungan dan Investasi', 'beli btc', 'Juli', 2025, '2025-07-08 07:44:56', '2025-07-08 07:44:56'),
('0197e966-7708-736a-9afd-c1bdc1870145', '0197c64d-c615-72f9-8258-ccebafc23906', '0197e962-71ab-722e-8f72-bd2e7d1a14e9', '0197e8f9-9949-7393-ba50-02c243df541e', '2025-07-08', 'biaya operasional rumah', 3000000, 'Tagihan', 'biaya rumah selama sebulan', 'Agustus', 2025, '2025-07-08 09:38:15', '2025-07-08 09:38:15'),
('0197e989-ea50-70d5-8b46-dc7f4cb5ff3c', '0197ca16-89f9-70eb-8874-cd6ed5d701fd', '0197e97a-f954-726b-adea-f4f7d60e9155', '0197e984-d4ec-73ab-881e-534f7b616653', '2025-07-08', 'Pembayaran artikel untuk publikasi jurnal Scopus (submission & review)', 3500000, 'Pengeluaran', 'Biaya APC (Article Processing Charge) untuk jurnal Q2 Scopus', 'Juli', 2025, '2025-07-08 10:16:59', '2025-07-08 10:16:59'),
('0197e9a2-364b-70f8-bcbb-c95d7467dcb0', '0197c64d-c615-72f9-8258-ccebafc23906', '0197e964-2d5a-7287-882e-66acbc91ae4f', '0197e8f9-9949-7393-ba50-02c243df541e', '2025-07-08', 'for party', 3000000, 'Cicilan Hutang', 'keluar lagi dah nih duit', 'Oktober', 2025, '2025-07-08 10:43:31', '2025-07-08 10:43:31'),
('0197e9a7-c18f-725d-98c1-441678581dde', '0197c64d-c615-72f9-8258-ccebafc23906', '0197e963-c9e9-72bd-b070-4cc12c0df2d8', '0197e8f9-9949-7393-ba50-02c243df541e', '2025-07-08', 'beli kuota', 150000, 'Belanja', 'beli kuota dengan nominal segitu', 'Agustus', 2025, '2025-07-08 10:49:34', '2025-07-08 10:49:34'),
('0197e9aa-0c7f-719e-9d9d-47ffea8a5de0', '0197c64d-c615-72f9-8258-ccebafc23906', '0197e964-c462-7383-80c7-8f91c6d84c1d', '0197e8f9-9949-7393-ba50-02c243df541e', '2025-09-04', 'sewa motor di bali', 4000000, 'Tagihan', 'nominal sewa motor di bali', 'September', 2025, '2025-07-08 10:52:05', '2025-07-08 10:52:05'),
('0197e9af-1975-7355-9c48-fe248a9997ca', '0197c64d-c615-72f9-8258-ccebafc23906', '0197e9ab-b2f0-738e-8b3d-4b5a875f27f1', '0197e8f9-9949-7393-ba50-02c243df541e', '2025-07-08', 'beli hp baru', 800000, 'Tagihan', 'beli aja', 'Desember', 2025, '2025-07-08 10:57:36', '2025-07-08 10:57:36'),
('0197e9b3-c25c-70d7-adc6-e92027a4fdb0', '0197ca16-89f9-70eb-8874-cd6ed5d701fd', '0197e9ac-3c7d-7327-9fc2-924c161d9215', '0197e984-d4ec-73ab-881e-534f7b616653', '2025-05-08', 'Beli Sepatu Sneakers', 450000, 'Pengeluaran', 'Diskon 10% di marketplace', 'Mei', 2025, '2025-07-08 11:02:41', '2025-07-08 11:05:33'),
('0197e9ba-d8c2-735b-ba57-5bbcbc0e66a9', '0197c64d-c615-72f9-8258-ccebafc23906', '0197e963-c9e9-72bd-b070-4cc12c0df2d8', '0197e8f9-9949-7393-ba50-02c243df541e', '2025-07-08', 'belanja bulanan', 700000, 'Belanja', 'buat bulanan', 'Agustus', 2025, '2025-07-08 11:10:25', '2025-07-08 11:10:25'),
('0197e9c8-0a0a-71ed-b2c8-0928b7126122', '0197c64d-c615-72f9-8258-ccebafc23906', '0197e963-c9e9-72bd-b070-4cc12c0df2d8', '0197e8f9-9949-7393-ba50-02c243df541e', '2025-07-08', 'belanja', 500000, 'Belanja', 'belanja bulanan', 'Januari', 2025, '2025-07-08 11:24:50', '2025-07-08 11:24:50'),
('0197e9d1-848f-7322-a773-a075cdaca69b', '0197c64d-c615-72f9-8258-ccebafc23906', '0197e964-c462-7383-80c7-8f91c6d84c1d', '0197e8f9-9949-7393-ba50-02c243df541e', '2025-07-08', 'pembiayaan', 800000, 'Tagihan', NULL, 'Juni', 2025, '2025-07-08 11:35:11', '2025-07-08 11:35:11');

-- --------------------------------------------------------

--
-- Table structure for table `failed_jobs`
--

CREATE TABLE `failed_jobs` (
  `id` bigint UNSIGNED NOT NULL,
  `uuid` varchar(255) COLLATE utf8mb4_unicode_ci NOT NULL,
  `connection` text COLLATE utf8mb4_unicode_ci NOT NULL,
  `queue` text COLLATE utf8mb4_unicode_ci NOT NULL,
  `payload` longtext COLLATE utf8mb4_unicode_ci NOT NULL,
  `exception` longtext COLLATE utf8mb4_unicode_ci NOT NULL,
  `failed_at` timestamp NOT NULL DEFAULT CURRENT_TIMESTAMP
) ENGINE=InnoDB DEFAULT CHARSET=utf8mb4 COLLATE=utf8mb4_unicode_ci;

-- --------------------------------------------------------

--
-- Table structure for table `goals`
--

CREATE TABLE `goals` (
  `id` char(36) COLLATE utf8mb4_unicode_ci NOT NULL,
  `user_id` char(36) COLLATE utf8mb4_unicode_ci NOT NULL,
  `name` varchar(255) COLLATE utf8mb4_unicode_ci NOT NULL,
  `percentage` decimal(5,2) NOT NULL DEFAULT '0.00',
  `nominal` int UNSIGNED NOT NULL,
  `monthly_saving` int UNSIGNED NOT NULL DEFAULT '0',
  `deadline` date NOT NULL,
  `beginning_balance` int UNSIGNED NOT NULL DEFAULT '0',
  `created_at` timestamp NULL DEFAULT NULL,
  `updated_at` timestamp NULL DEFAULT NULL
) ENGINE=InnoDB DEFAULT CHARSET=utf8mb4 COLLATE=utf8mb4_unicode_ci;

--
-- Dumping data for table `goals`
--

INSERT INTO `goals` (`id`, `user_id`, `name`, `percentage`, `nominal`, `monthly_saving`, `deadline`, `beginning_balance`, `created_at`, `updated_at`) VALUES
('0197cfc7-7a1d-7161-aa41-d38b91ba9952', '0197c651-783c-706b-b104-5d6a01ece0aa', 'Liburan ke Bali', 8.00, 5000000, 1000000, '2025-10-24', 100000, '2025-07-03 10:14:06', '2025-07-05 04:55:42'),
('0197db3f-cd7d-736d-8c1e-ae8f8a0b4b7f', '0197ca16-89f9-70eb-8874-cd6ed5d701fd', 'Liburan ke Phuket, Thailand', 72.22, 18000000, 3000000, '2025-09-17', 6000000, '2025-07-05 15:41:21', '2025-07-08 09:48:34'),
('0197e8fa-ff51-705b-93dd-2048101b73bf', '0197c64d-c615-72f9-8258-ccebafc23906', 'beli samsung s24 fe', 100.00, 8000000, 500000, '2026-01-27', 500000, '2025-07-08 07:40:52', '2025-07-08 09:41:31'),
('0197e96f-9e1f-73c6-ad78-9901389cbfd6', '0197ca16-89f9-70eb-8874-cd6ed5d701fd', 'Dana Riset Publikasi Jurnal Scopus', 8.33, 15000000, 2000000, '2025-12-31', 1250000, '2025-07-08 09:48:15', '2025-07-08 09:48:15');

-- --------------------------------------------------------

--
-- Table structure for table `incomes`
--

CREATE TABLE `incomes` (
  `id` char(36) COLLATE utf8mb4_unicode_ci NOT NULL,
  `user_id` char(36) COLLATE utf8mb4_unicode_ci NOT NULL,
  `budget_id` char(36) COLLATE utf8mb4_unicode_ci NOT NULL,
  `date` date NOT NULL,
  `nominal` int UNSIGNED NOT NULL DEFAULT '0',
  `notes` varchar(255) COLLATE utf8mb4_unicode_ci DEFAULT NULL,
  `month` varchar(255) COLLATE utf8mb4_unicode_ci NOT NULL,
  `year` smallint UNSIGNED NOT NULL,
  `created_at` timestamp NULL DEFAULT NULL,
  `updated_at` timestamp NULL DEFAULT NULL
) ENGINE=InnoDB DEFAULT CHARSET=utf8mb4 COLLATE=utf8mb4_unicode_ci;

--
-- Dumping data for table `incomes`
--

INSERT INTO `incomes` (`id`, `user_id`, `budget_id`, `date`, `nominal`, `notes`, `month`, `year`, `created_at`, `updated_at`) VALUES
('0197e8fd-656c-7201-93fd-17f74257f3de', '0197c64d-c615-72f9-8258-ccebafc23906', '0197e8fc-5aec-7259-b37e-24d39f70887d', '2025-07-26', 1300000, 'buat beli hp', 'Juli', 2025, '2025-07-08 07:43:30', '2025-07-08 07:43:30'),
('0197e983-1cd8-729a-949a-35786f90e0b2', '0197ca16-89f9-70eb-8874-cd6ed5d701fd', '0197e980-a0a0-7130-966c-79710f05ffde', '2025-07-08', 300000, 'Dialokasikan untuk pembelian Grammarly Premium & storage pendukung penulisan jurnal Scopus', 'Februari', 2025, '2025-07-08 10:09:33', '2025-07-08 10:09:33'),
('0197e9c9-1c1a-72c5-808c-16d765bd6fa0', '0197c64d-c615-72f9-8258-ccebafc23906', '0197e8fc-5aec-7259-b37e-24d39f70887d', '2025-07-08', 1000000, 'gaji bulanan', 'Maret', 2025, '2025-07-08 11:26:00', '2025-07-08 11:26:42'),
('0197e9cb-4b86-71a9-b16a-ccb8e9811c22', '0197c64d-c615-72f9-8258-ccebafc23906', '0197e8fc-5aec-7259-b37e-24d39f70887d', '2025-02-26', 1300000, 'gajii', 'Februari', 2025, '2025-07-08 11:28:23', '2025-07-08 11:28:23'),
('0197e9d0-965b-735d-a22b-7c178d134652', '0197c64d-c615-72f9-8258-ccebafc23906', '0197e8fc-5aec-7259-b37e-24d39f70887d', '2025-11-26', 1300000, 'gaji', 'November', 2025, '2025-07-08 11:34:10', '2025-07-08 11:34:10');

-- --------------------------------------------------------

--
-- Table structure for table `jobs`
--

CREATE TABLE `jobs` (
  `id` bigint UNSIGNED NOT NULL,
  `queue` varchar(255) COLLATE utf8mb4_unicode_ci NOT NULL,
  `payload` longtext COLLATE utf8mb4_unicode_ci NOT NULL,
  `attempts` tinyint UNSIGNED NOT NULL,
  `reserved_at` int UNSIGNED DEFAULT NULL,
  `available_at` int UNSIGNED NOT NULL,
  `created_at` int UNSIGNED NOT NULL
) ENGINE=InnoDB DEFAULT CHARSET=utf8mb4 COLLATE=utf8mb4_unicode_ci;

-- --------------------------------------------------------

--
-- Table structure for table `job_batches`
--

CREATE TABLE `job_batches` (
  `id` varchar(255) COLLATE utf8mb4_unicode_ci NOT NULL,
  `name` varchar(255) COLLATE utf8mb4_unicode_ci NOT NULL,
  `total_jobs` int NOT NULL,
  `pending_jobs` int NOT NULL,
  `failed_jobs` int NOT NULL,
  `failed_job_ids` longtext COLLATE utf8mb4_unicode_ci NOT NULL,
  `options` mediumtext COLLATE utf8mb4_unicode_ci,
  `cancelled_at` int DEFAULT NULL,
  `created_at` int NOT NULL,
  `finished_at` int DEFAULT NULL
) ENGINE=InnoDB DEFAULT CHARSET=utf8mb4 COLLATE=utf8mb4_unicode_ci;

-- --------------------------------------------------------

--
-- Table structure for table `liabilities`
--

CREATE TABLE `liabilities` (
  `id` char(36) COLLATE utf8mb4_unicode_ci NOT NULL,
  `user_id` char(36) COLLATE utf8mb4_unicode_ci NOT NULL,
  `net_worth_id` char(36) COLLATE utf8mb4_unicode_ci NOT NULL,
  `detail` varchar(255) COLLATE utf8mb4_unicode_ci NOT NULL,
  `goal` varchar(255) COLLATE utf8mb4_unicode_ci NOT NULL,
  `type` varchar(255) COLLATE utf8mb4_unicode_ci NOT NULL,
  `created_at` timestamp NULL DEFAULT NULL,
  `updated_at` timestamp NULL DEFAULT NULL
) ENGINE=InnoDB DEFAULT CHARSET=utf8mb4 COLLATE=utf8mb4_unicode_ci;

--
-- Dumping data for table `liabilities`
--

INSERT INTO `liabilities` (`id`, `user_id`, `net_worth_id`, `detail`, `goal`, `type`, `created_at`, `updated_at`) VALUES
('0197e975-1f56-7239-b2e1-ef2ce0d59013', '0197c64d-c615-72f9-8258-ccebafc23906', '0197e96c-77ae-702a-a8f7-a0180169b22e', 'collage', 'bayar ukt semester kuliah', 'Hutang Jangka Pendek', '2025-07-08 09:54:16', '2025-07-08 09:54:16'),
('0197e9a3-8155-72c6-a020-a4b0551cd0ac', '0197c64d-c615-72f9-8258-ccebafc23906', '0197e96c-77ae-702a-a8f7-a0180169b22e', 'beli rumah', 'wajib', 'Hutang Jangka Panjang', '2025-07-08 10:44:56', '2025-07-08 10:44:56');

-- --------------------------------------------------------

--
-- Table structure for table `migrations`
--

CREATE TABLE `migrations` (
  `id` int UNSIGNED NOT NULL,
  `migration` varchar(255) COLLATE utf8mb4_unicode_ci NOT NULL,
  `batch` int NOT NULL
) ENGINE=InnoDB DEFAULT CHARSET=utf8mb4 COLLATE=utf8mb4_unicode_ci;

--
-- Dumping data for table `migrations`
--

INSERT INTO `migrations` (`id`, `migration`, `batch`) VALUES
(1, '0001_01_01_000000_create_users_table', 1),
(2, '0001_01_01_000001_create_cache_table', 1),
(3, '0001_01_01_000002_create_jobs_table', 1),
(4, '2025_06_14_073551_create_goals_table', 1),
(5, '2025_06_14_074321_create_balances_table', 1),
(6, '2025_06_14_080721_create_payments_table', 1),
(7, '2025_06_14_081708_create_budgets_table', 1),
(8, '2025_06_14_082338_create_incomes_table', 1),
(9, '2025_06_14_083812_create_expenses_table', 1),
(10, '2025_06_14_085723_create_net_worths_table', 1),
(11, '2025_06_14_093433_create_assets_table', 1),
(12, '2025_06_14_093906_create_net_worth_assets_table', 1),
(13, '2025_06_14_094236_create_liabilities_table', 1),
(14, '2025_06_14_094528_create_net_worth_liabilities_table', 1);

-- --------------------------------------------------------

--
-- Table structure for table `net_worths`
--

CREATE TABLE `net_worths` (
  `id` char(36) COLLATE utf8mb4_unicode_ci NOT NULL,
  `user_id` char(36) COLLATE utf8mb4_unicode_ci NOT NULL,
  `net_worth_goal` int NOT NULL DEFAULT '0',
  `current_net_worth` int NOT NULL DEFAULT '0',
  `amount_left` int NOT NULL DEFAULT '0',
  `transaction_per_month` smallint UNSIGNED NOT NULL DEFAULT '1',
  `year` smallint UNSIGNED NOT NULL,
  `created_at` timestamp NULL DEFAULT NULL,
  `updated_at` timestamp NULL DEFAULT NULL
) ENGINE=InnoDB DEFAULT CHARSET=utf8mb4 COLLATE=utf8mb4_unicode_ci;

--
-- Dumping data for table `net_worths`
--

INSERT INTO `net_worths` (`id`, `user_id`, `net_worth_goal`, `current_net_worth`, `amount_left`, `transaction_per_month`, `year`, `created_at`, `updated_at`) VALUES
('0197e96c-77ae-702a-a8f7-a0180169b22e', '0197c64d-c615-72f9-8258-ccebafc23906', 1000000000, 91000000, 909000000, 4, 2025, '2025-07-08 09:44:49', '2025-07-08 10:45:22'),
('0197e98c-e434-73ac-98a8-73c84b12a5c0', '0197ca16-89f9-70eb-8874-cd6ed5d701fd', 15000000, 0, 15000000, 1, 2025, '2025-07-08 10:20:14', '2025-07-08 10:20:14');

-- --------------------------------------------------------

--
-- Table structure for table `net_worth_assets`
--

CREATE TABLE `net_worth_assets` (
  `id` char(36) COLLATE utf8mb4_unicode_ci NOT NULL,
  `asset_id` char(36) COLLATE utf8mb4_unicode_ci NOT NULL,
  `transaction_date` date NOT NULL,
  `nominal` int UNSIGNED NOT NULL,
  `created_at` timestamp NULL DEFAULT NULL,
  `updated_at` timestamp NULL DEFAULT NULL
) ENGINE=InnoDB DEFAULT CHARSET=utf8mb4 COLLATE=utf8mb4_unicode_ci;

--
-- Dumping data for table `net_worth_assets`
--

INSERT INTO `net_worth_assets` (`id`, `asset_id`, `transaction_date`, `nominal`, `created_at`, `updated_at`) VALUES
('0197e980-77bf-7097-a374-4c326b1deed1', '0197e970-845c-7148-b425-0d4476417d87', '2025-07-08', 1000000, '2025-07-08 10:06:40', '2025-07-08 10:06:40'),
('0197e98c-aee1-73fb-bbcf-b6c80ce7dc7e', '0197e986-f213-7144-ba09-df8b21d25ebc', '2025-07-08', 100000000, '2025-07-08 10:20:00', '2025-07-08 10:20:00'),
('0197e991-693b-7061-9393-478a68e53311', '0197e991-3a33-70a5-9b51-42c1de8045ab', '2025-07-08', 1000000, '2025-07-08 10:25:10', '2025-07-08 10:25:10');

-- --------------------------------------------------------

--
-- Table structure for table `net_worth_liabilities`
--

CREATE TABLE `net_worth_liabilities` (
  `id` char(36) COLLATE utf8mb4_unicode_ci NOT NULL,
  `liability_id` char(36) COLLATE utf8mb4_unicode_ci NOT NULL,
  `transaction_date` date NOT NULL,
  `nominal` int UNSIGNED NOT NULL,
  `created_at` timestamp NULL DEFAULT NULL,
  `updated_at` timestamp NULL DEFAULT NULL
) ENGINE=InnoDB DEFAULT CHARSET=utf8mb4 COLLATE=utf8mb4_unicode_ci;

--
-- Dumping data for table `net_worth_liabilities`
--

INSERT INTO `net_worth_liabilities` (`id`, `liability_id`, `transaction_date`, `nominal`, `created_at`, `updated_at`) VALUES
('0197e980-e498-700a-ae2a-db9afce6da29', '0197e975-1f56-7239-b2e1-ef2ce0d59013', '2025-08-12', 3000000, '2025-07-08 10:07:07', '2025-07-08 10:07:07'),
('0197e9a3-e7db-73fb-ac2f-2d38d08900f0', '0197e9a3-8155-72c6-a020-a4b0551cd0ac', '2025-09-20', 8000000, '2025-07-08 10:45:22', '2025-07-08 10:45:22');

-- --------------------------------------------------------

--
-- Table structure for table `password_reset_tokens`
--

CREATE TABLE `password_reset_tokens` (
  `email` varchar(255) COLLATE utf8mb4_unicode_ci NOT NULL,
  `token` varchar(255) COLLATE utf8mb4_unicode_ci NOT NULL,
  `created_at` timestamp NULL DEFAULT NULL
) ENGINE=InnoDB DEFAULT CHARSET=utf8mb4 COLLATE=utf8mb4_unicode_ci;

-- --------------------------------------------------------

--
-- Table structure for table `payments`
--

CREATE TABLE `payments` (
  `id` char(36) COLLATE utf8mb4_unicode_ci NOT NULL,
  `user_id` char(36) COLLATE utf8mb4_unicode_ci NOT NULL,
  `name` varchar(255) COLLATE utf8mb4_unicode_ci NOT NULL,
  `type` varchar(255) COLLATE utf8mb4_unicode_ci NOT NULL,
  `account_number` varchar(255) COLLATE utf8mb4_unicode_ci DEFAULT NULL,
  `account_owner` varchar(255) COLLATE utf8mb4_unicode_ci DEFAULT NULL,
  `created_at` timestamp NULL DEFAULT NULL,
  `updated_at` timestamp NULL DEFAULT NULL
) ENGINE=InnoDB DEFAULT CHARSET=utf8mb4 COLLATE=utf8mb4_unicode_ci;

--
-- Dumping data for table `payments`
--

INSERT INTO `payments` (`id`, `user_id`, `name`, `type`, `account_number`, `account_owner`, `created_at`, `updated_at`) VALUES
('0197e8f9-9949-7393-ba50-02c243df541e', '0197c64d-c615-72f9-8258-ccebafc23906', 'dana', 'Dompet Elektronik', 'eyJpdiI6Ijk1YTdQckxwazVaWUVoVjZHOVQreXc9PSIsInZhbHVlIjoiWThiYThMaWU1MC9uVjNnelZZTnNIeTh3VXU5cXFnVkZ0WTI5Um02Y0VsND0iLCJtYWMiOiIwMTE4MDQ5MTk1NDc0NDAzNmEwNGQ0OGY3NDYzNjE0MGU2MTdhZmRkMDEyZjYwMzIyMDdhYzY1N2EyMTY3MjBkIiwidGFnIjoiIn0=', 'Nanda Fadila', '2025-07-08 07:39:21', '2025-07-08 07:39:21'),
('0197e984-d4ec-73ab-881e-534f7b616653', '0197ca16-89f9-70eb-8874-cd6ed5d701fd', 'Rekening Riset – BNI', 'Kartu Debit', 'eyJpdiI6IkhTN3prK2RYdGdsTlB1LzIyRStCOVE9PSIsInZhbHVlIjoiRlJQbUVPZWNlblpldjErZUtOK2JIdU5jbFFIbWd1TllWUFpscnBZRkFEaz0iLCJtYWMiOiJiYzZiYjk0YmFiZGUxOGUyZDliNmVlMDAwNTdmNjc4YzBhZGM3MzFiNjNjNjg5YzJlYWEwNTg1YThjNDUzMjIxIiwidGFnIjoiIn0=', 'Yeni Nur Arwanti', '2025-07-08 10:11:26', '2025-07-08 10:11:26');

-- --------------------------------------------------------

--
-- Table structure for table `sessions`
--

CREATE TABLE `sessions` (
  `id` varchar(255) COLLATE utf8mb4_unicode_ci NOT NULL,
  `user_id` char(36) COLLATE utf8mb4_unicode_ci DEFAULT NULL,
  `ip_address` varchar(45) COLLATE utf8mb4_unicode_ci DEFAULT NULL,
  `user_agent` text COLLATE utf8mb4_unicode_ci,
  `payload` longtext COLLATE utf8mb4_unicode_ci NOT NULL,
  `last_activity` int NOT NULL
) ENGINE=InnoDB DEFAULT CHARSET=utf8mb4 COLLATE=utf8mb4_unicode_ci;

--
-- Dumping data for table `sessions`
--

INSERT INTO `sessions` (`id`, `user_id`, `ip_address`, `user_agent`, `payload`, `last_activity`) VALUES
('0ud1ucJ5iOKRRDfKyY9gkMDxNkMGCNguQfLBPQlE', NULL, '172.71.190.164', 'SentryUptimeBot/1.0 (+http://docs.sentry.io/product/alerts/uptime-monitoring/)', 'ZXlKcGRpSTZJamRPVDJ4RFJWUXJhM1pQSzJ4emFpOUJTa3BhTW1jOVBTSXNJblpoYkhWbElqb2llSGRhVlhCcVdHWjZhazU2VnpSR1kwUjJLMWx4VEROalYxUXZkek50YlZwRFprdDZURlZyZDBNeU1GQjBTbVJ3YW14cWVEaENlSGRUUXpoS09WQXhWa0ZXYkVWdmVqZzVOVnA0ZGtzMVNUVnJVV2RwYnpGWGRIWldVRUprV21KTmJWQnBLemhqYVVWYWRtaEpTalZpVkVWd1FtRktVeTlVV0cxWmIwUkxVWGhJYURGMWQwVnlha1pqUW5OelVGSTFPRU5EV1U5c1ZrdHNOVGM1V2xOeFdGbzBjbHBrVEZwMk5uSkdORVZJT1hCUFEySnpWRlpGU0RCdGIzZHNLek5NV21SQk9EUkxTbXd6UW5CT0szZFdTazVTU1dRMWVXUnpOVzlJYlc1QlR6TnlVR1pVVTBWVlpVOWxkRXBxZWt4TU0wMVNNeTl5T1hGb1NGZ3ZVV2tyYXlJc0ltMWhZeUk2SWpWbVpUSTFZVFkwTTJJMlpXTmpZekppTTJNek1UbGpNamN5TlRjellqRTJOakU1WVRObU1UVTFOREU1T0RjMk4yWTVNMkUxWTJaaE5UbGhZelEwTlRZaUxDSjBZV2NpT2lJaWZRPT0=', 1752028104),
('1jDd7zBIQpEQOJySjZXjuQ0gTHHyUrerrhPMWoN0', NULL, '172.70.39.54', 'SentryUptimeBot/1.0 (+http://docs.sentry.io/product/alerts/uptime-monitoring/)', 'ZXlKcGRpSTZJaTlIWjI1T1MwTTJUemhVU1ZKWGRVVXplaTlDYmxFOVBTSXNJblpoYkhWbElqb2lUVzF3WW5WV1MweGFjMVp3TTJweE5ITTJORzFHWkdWeFZIUlFkamtyZFZGaFRVWnVTSFZZUldkeWQwaFBXak5MWkhORlNXcE5SR2xDYkdoV2FHUnBTVkJvVGk5d1dHVmpURmx6ZDJKUFpVVjNZVlpsV0ZORFJscG1SRmhPVlZodlMzTXZOVXhQZURGMloxUnFRMHRxVkdGQldVNTJaSEE1VDNRdmJIWklOMlJyYVVaTGFrcE9aMDlEYTBsb1RrVXZVVEIyYm5sUFNVbGxTRlIxU0RFMFV6bHlSblpaWVZKUE16RXZNVUpzU0daNWQwNUlObFY2YkdVd2IxbFFRMk4zVDFWcGNVZE1SVFZSTUZsVGRWRlNZMmxQYkdsdFRsbFZkWGhtYjNnMWRrUjJia3RNYzJWNE1UWm9SMFpNVmtkV1RubGlUeXRTZEVnNUswcGhiMUpFUkNJc0ltMWhZeUk2SWpZeU1qZzFaR1JtWldWbE1tRXhZakE1T1RJM05ERTBNVGhpWkRnMk5UVTFNREJpTmpBNE1XRmlNbVJpTWpJeFkyVXpaakUyT0RVd01qSmlZakV6WWpjaUxDSjBZV2NpT2lJaWZRPT0=', 1752026484),
('1MQ55YQCy2ozUL6biQ3Re4W8hArbhAdg6NZS7N8N', NULL, '104.23.209.166', 'SentryUptimeBot/1.0 (+http://docs.sentry.io/product/alerts/uptime-monitoring/)', 'ZXlKcGRpSTZJbTlxUTNCMk5WWnNiMU0xU0dGd09VUkNhM2hRUTFFOVBTSXNJblpoYkhWbElqb2lRV051UWpKNlN6TlZTemhhYkVsQmIwVldTbWxOZUVvMGVYWlVLM2hTU1ZwR1RYTlZRMDFYTjBKTFNuaDRSMFJ4YmtoRWF6QTFhRUpDYkVORmJuWTRWMlZDWlhaVlRHSTBRM3BxTVdJdmRqTXlZVGN3ZW5Bekt6bFlWV1I0TVZWbmFEZHZaVVl3UTNsdWNtMXZUVEphZWtjeE5tRXlWVEZEZDBkR1RVRTBjbWhLU21KVVRtcDFiM2h5TDIxblZUUm9SMVZFV2k5amRucDNXRFowT0RRMWNGVlRRVFpRVGk5b0wyaFVlSEI1WlVsRFpEaDRiR05MYTNVd2FsQXpRM0JqVWpScE0zZHRWbTVuTjFSME16RmxLMmx5Wm5OalIwOVpUSFYzWjJSdU9EUnlSbkJ5TW5Fd2FqbHBVRUZHVjFWdlRUTkJSbmxLSzJsc1VUUm9iRWxZYnlJc0ltMWhZeUk2SW1VeE1EaGhaV1F4WVRZM01EQmpNak5qTmpJeU1ESXlNak0zTW1KbU9UQXdaR0poTkdaa09URTNNV1JoT0dSaVpEZzRZakppTUdaaE1qRmlaV05oWW1FaUxDSjBZV2NpT2lJaWZRPT0=', 1752027024),
('1s4eE8ZiAXcMMPdb5m5JAF0uxt9WqNYXTTQwxU88', NULL, '172.70.38.137', 'SentryUptimeBot/1.0 (+http://docs.sentry.io/product/alerts/uptime-monitoring/)', 'ZXlKcGRpSTZJa3RJYUVKSVVTdFhSMVpUUmpKT1NsWTJhMmcyVDBFOVBTSXNJblpoYkhWbElqb2lTRTF6TkV0d1dYY3ZhMGx6WkhremMxZHFkR1ptT0hGcGNITTBWRUZPVGtnM1dXVkhjbWhaU1c5M2RWTldWVVVyY2xWSllucG5NMkZJVmpOMlNuSXljMGwwWm5aV0sxTk1kSGM1WkZWRGNUZGtTV1JDV1Zvd056WTNUbEo0VGtoYVYwMXVjVFl2UkVzclluWllNa2QwVjJOTVRUQnVSa0Z3Y1docWNsUnlVR0pWTjFCaVNHbzJPRFZvYzBsdGVXRlhNalpNT1cxQ1ZpOXNVWFV4VWxWSE5DODRSQzlEWW5oalFYRmhjVkZhYkc1U2RqQkVXWFZuY0d4d1dDOXpiR2d5VG01UVNWTkhTekV4TDJ3NE5HMVBaMVJPUmxCaVlVTkpaRTFCYlVSeGNGbzVSemd2Tm5velNuTTFaRzAzU1ZwQlNTdDVhbTlXVUcxeGMxSkZVVTlKU3lJc0ltMWhZeUk2SWpsa1lUUTFNVEZrTXpBM05qVmhPVEk1T0dKak0yTmpZVGN3TlRVM01qZ3dOekE1TlRnek5tTmxZemd6WlRJd1pHRmpNemszTlRBMVpUZzJNVGcyTldZaUxDSjBZV2NpT2lJaWZRPT0=', 1752023064),
('1yrtphzRtwd90a4xnvAJ96Pk0mrG3rKIlTmerIf7', NULL, '172.71.151.59', 'SentryUptimeBot/1.0 (+http://docs.sentry.io/product/alerts/uptime-monitoring/)', 'ZXlKcGRpSTZJbVZWVGxaRmMySlVNbmhYTWxWblNDdG9LM2hQTVhjOVBTSXNJblpoYkhWbElqb2lRa3BQYzB0SFlXVmpXVEpYUlROdlJtVlBjR0p2U3paT01raENhalZpV0RJemFETnRjMWd2Y0dsSU9IbDVUemc1V0RkTGNsTkRRa2RuZERnMFNWTkVWMmRzUTNWRWVtSnpUalp1ZW5BMk1sTXdMekJEVTFGdU1uRkdTR05qZFd0SVZIbHROek5rTVRWc2JqTlVVVGhQVFdNMk9USlJSMmg0VDNwQ1FYQm9lQ3RST1VkelZtZE5UR3BaT0RGdFRIZG5kbGwzVkZnek1YQlRXbVZVVUU5akwwcEVZbGxTTWtNM1IySTJUR2syV1hWcVFsSlJXVUpVSzJSUkswOXZhekZDVlZJeGFteG9WeXRoUVdGVk5GVlFZbXBKY0dwclJrRTBiWGxLVUU1Q1NtOVRaRlJ5VDNGdmVEWTNTMFZJTlZSWU1WaHpLM3B2V2xwdWVFVklVakF5ZWlJc0ltMWhZeUk2SW1WbE1HWXhOV1UzTmpVME1qSmlORGxpTTJFNE5qWm1NR05sTjJKak9UVXhaR0V5WXpFM05UQTVPV1JpTnpBM01EazBNelJtWVRoa1l6bGhNVGc1TTJFaUxDSjBZV2NpT2lJaWZRPT0=', 1752027144),
('20PV5N1mkru29c4yJ56tKQlZTeLuBtANBqLjtroZ', NULL, '104.23.209.30', 'SentryUptimeBot/1.0 (+http://docs.sentry.io/product/alerts/uptime-monitoring/)', 'ZXlKcGRpSTZJbmhGVm14MllqSnNUMjVoUVdsdU1VcEphM0l2VlZFOVBTSXNJblpoYkhWbElqb2lPRXhWZUVwcWRqSmlUM2RzYkRGRmFEQkdObWxZWTBkUU1uUkRNRkJCZWxWNWFWTnhVWEUzVmtkeE5FcEZhV2xsVW10M1FqSXdiVzVITVVsbFdTczVRV0pZVVRCVFJGbExhQ3QzZDBkR1FYVjJSbWR2VlRoTVpXbDFiRWt5VVdoUFZEQXdiVEpCY0ZoUGVVbHdSMlZaV25GRlRYSjViWFptSzI0eVZrWTVUV3RGZWpndk16Rk5kR0pUWkhka1JIWlNSbnByZDFoc1NYQlRaVmxoZVVFdlNUYzFlalZrY2pSSlpWWkhNVWt2UlZGaWNreFJhRGh4ZGpOVmVuTmpNR2swSzA5bE1GWlpMeXRsTTNOUk5UWXlVQ3RTUWprM1pYVmpTVGRWVjNOMVVWVTRORmRRZWtjNWVrWXpXRFEzUzNvNFNUbDNWVUZ4YTBwek9VVXdUMDlDY0NJc0ltMWhZeUk2SWpBMk9UazNNRFk1TkRaaE1UVXlOek5rTURjMVlXSXdNakUyWkROa1lUVTNaalZpWTJJME5HWTBOalkzWlRoalptTTJOV0k1T1RjMU9EVXlaVEprWVRNaUxDSjBZV2NpT2lJaWZRPT0=', 1752024684),
('2DQ3Yze4MACYCv756axEpKyrim1BxCBmD2E4bp9t', NULL, '172.70.39.157', 'SentryUptimeBot/1.0 (+http://docs.sentry.io/product/alerts/uptime-monitoring/)', 'ZXlKcGRpSTZJa1ZzYW5SVVVrUm5TMjVqT1doQmNXeE1iRWRHUlVFOVBTSXNJblpoYkhWbElqb2lXRE5zWm5wSVdFWm5aRU5IZGtVeVZYUkRhSFpWTUZVeVREVkJNeTgzTUdKa1ZrOW5aSEJuTnpRemMwbHNTbmh6WTB4bUwyeDRNVzFqYkVJd1dIQnFUalYwWjJWUWVUazJSbEo0WW5wdGJsSTNkRll3Y2tscmNVUjVjbWRvVlZNM2R6bFRUWGRRTlZsclYyaHNLMFZQVFdobGNERnpaMUUwTm1KUWFsVkhTM2t6UVVSQmFrUm1iRUZUVTB4dVNsbE9PRkpPTm5wTWQyZHRkakkyTmpack1FOXhkbEl5VTJwWWJtVmtWa1IzV1VWV2NqSkpkakUzV0daeWNITXZkRTk1UkVGTGJqUldaVU5rUldONGEwUjBVa2tyYkU1NFNtUnlTQ3RPWlN0bldqQm5NRlZPUVdjd05EbE5RbXhJTTFwcmNuaHRTRTF2YjNWV1JURkhjM0p5WnlJc0ltMWhZeUk2SWprMVpHSXlNVE5pWVRSaU5EY3dPR0kyWkRFNVpEVm1aR1V3WXpaaVl6TTBNelpqT0RFME9HWXlaRFF6TURRM1lUSm1aakkxTkdWa01qbGpOMlF3T0dVaUxDSjBZV2NpT2lJaWZRPT0=', 1752024024),
('3dofp1qRqyMVsxYsVALNyqu4UJ4yNWCHYzLYeM09', NULL, '172.70.43.58', 'SentryUptimeBot/1.0 (+http://docs.sentry.io/product/alerts/uptime-monitoring/)', 'ZXlKcGRpSTZJalJqTjJaVE0yVkVXSFZ4VjBsWVFYTllTMHgyTm5jOVBTSXNJblpoYkhWbElqb2lkbUozUVZCamIxRTRaM2RvWTBabmRtRjJLMVpDUTFOTWVqUlNObWxaWlVGVk56SnZSMWhLTTI4eWNIQjZRWFJZWm1SaWFsVXhXaTlDZDFkUGVqbFpTVTFwV214WVdVczVMMloyYlVoMmJXbDVaWG92UlM5VE4wdFBXalJ6YTNGck5uQnZSakpXZUd4U1RHSllkRmd6TUU1Q1NuUnRWbUl6WnpGQ1FVRnVlWFp1TnpSMFNITk9ZVkV6UlhobWQxQktSUzlZWlhONmF5OUpRVUp0UTBkSVRraFRhMU42Y2toMVJqQlhWRzA1U21SQ1ZtZEhiWGROWkVZemVuWk5VM05OVmtzdmJ6Vm9UVGd3YzFwdUswUkJRVTkzWVhoNk9ESjNabkp4VG1ZdmVWVldZVTl2VDFkM1ZtWTVRMG93TkRoaWVTdDJOVWhvV2toUmFYRldPRGhXZVNJc0ltMWhZeUk2SWpSbE1USXlZamxoWmpNd09XUm1OVEl5TldRd1lqaGlOMk5qTlRZME5qRmlZVFpoWlRZeFlqa3pNV1F6TnpNd05qWmpNemd4WVRBNFl6TTNZamMyTVRVaUxDSjBZV2NpT2lJaWZRPT0=', 1752029244),
('43Z6zDzDg77zOl1XkHWRSXPRZtSCQCBawjgIpEJk', NULL, '162.158.42.21', 'SentryUptimeBot/1.0 (+http://docs.sentry.io/product/alerts/uptime-monitoring/)', 'ZXlKcGRpSTZJaXRtZFhjM2JIbENNbU5OUjBaUWEzYzFRbGhLYVZFOVBTSXNJblpoYkhWbElqb2lMMWxsTlZrMGJXMVVMekoyUjIxck5UQmljVU5vWjFJNFFsbFBWbVpzYWtsdlJVWndVRzlJY25KRldrWXdZVUkyZVhGcFZGY3dSMkZUWlZoWVduVkxWbE5UWkZvdk5VWnVUbkozWjBKS2NDczVVVFl2S3pKbVFXTjJaVWhTU1hZMVFXRlZkMVY2ZVhVelZXTkhZbTV4VWpWNE5YTldhRFJJYkc1NVZUWklSa1ppWm1GNWRHWTBPVzU2VmxSRGRrdFpUVk5NTmxGb1QySktNV3hJYnpaV1ZuSllkVTVMZDBSMFVXaFpPR2RFZERBM1JUTkVibVJXYnpGdmRFbE5ZVGwwVUVGYWNuUmxhWGRPUlhGUWJISkdkV2RKVEN0aVJqSjRhVEl2YVdsM01EWmtaMnBGWkhjNWNsbGtXWE5qVjFkMGNrTlVSaXR2VVd0aU5qVjRielJSVWlJc0ltMWhZeUk2SWpNd01USm1OVGMyTWpSbVptRXpaRGRqTmpNeVl6Sm1aamxrTmpneE56UmtNR1l6T0dNMk9XWXpOakU1WlRBek16TTRaRFEwTnpJM1ptWmtPRFEzTURnaUxDSjBZV2NpT2lJaWZRPT0=', 1752026964),
('4Be5sLHXWnll4C9r9ewttzbXaUkgN0rTBtLuTXfJ', NULL, '172.71.146.119', 'SentryUptimeBot/1.0 (+http://docs.sentry.io/product/alerts/uptime-monitoring/)', 'ZXlKcGRpSTZJalpwVkRJdlNXMUpaVzh4UzFwemMyRlhWVEZsWkVFOVBTSXNJblpoYkhWbElqb2lWRXQ0ZW5wWWNFcHVWVE5rVmpKb05qSnVMemxZWmpOVkwxVXpZbEJ6WVZKMWR6aEVUVTl2V1U1dVFUWnlTSGhPUVdKbmNsTldiV3hHZG1GdU1rRmpabGs1VWt0UmNtMUhWVzgwVDNORmFVOVBNVVZVZFZOS1RtUlZTRXBSV0ZWVE9GVXJkbkV6VFRNMlVtbDJVbGRYUWpBNVRXUm5hMGwzV1VOUE1tTkRVMFJVY1dscmVsSk1ObkZUTUNzNGRGcE1NblI2ZDJsTUwwSlNhMk5VYldOU2FqbFRTblF3TVhwQlkwOVRZbG92Ykdzd1VHSjVOM0p5YVhVNVJqTTBTakZEVUVoa2F5OXJRamwwYnpKbVQweE5VbGQ0ZFdaSFlXTjZkbHBJU0hod1psVndWRXgzU1dJelVFWnZSR0pVYkZGSFJUTXpUMk5NUlhsTmJFbFphWGxCVkNJc0ltMWhZeUk2SWpVd01tWTBObUpoTWpaa09XSXpNR1UyWTJGbU16ZzRPVGN3Wm1Rd09ETXlPR0ptTXpnMVlXUmtaR1UxT0RGaVpESTNNalZtTnpRMU5HTXdZalU1WldJaUxDSjBZV2NpT2lJaWZRPT0=', 1752022824),
('5K3e0GJhfn4b5ivHNYnGxxGkVgpv82iXfxjWCRmS', NULL, '172.68.245.187', 'SentryUptimeBot/1.0 (+http://docs.sentry.io/product/alerts/uptime-monitoring/)', 'ZXlKcGRpSTZJakphTm1KTE5uSkhhM1I1VTNjMmNDdEpUR0k0ZW5jOVBTSXNJblpoYkhWbElqb2lMM0Z4UjBjNGJFMXVWM1pOVkhCVkt6ZEdORmN2VVdSUllYTnZRMFIzZUV0aWQydHpNVlZVYlhvNVlrWjVSRFV3VTA0NWVrbHlhMWswTDJwNFYzTkxXVlZGZFZWSWRVVnJWbU0wUkhoQ1RVaGtNV0p1YkU5aVYyZG5XbGhSY2xGVGRUSlZiR2RzYm5KRVFqbHJVRU5JUjJsa2RuQmxVVGsyUmtoeFRuTnZhMVJhWTNjM2NqQjFURlk1Y0VoNFpWQnRNbmQ1UmtOeU9IaHplbTlPWTJkR1FuaGpWVEZKUzI5cFdFODNaSGhFSzI5d1drTlFRWEpuVmk5d1dYQklhM1pUYURCWFUwVXJORTB6Tms1emVESnlNVGR1ZW5kSVNESmxMMjFSV0dOaFprNWFSbEZ1VjNsdlREYzVSa2hWYURGcmFISkVWa2RqTTNCUU1YQldTMjFFYlNJc0ltMWhZeUk2SW1KaFlUVTNOalprWldNM1pqUXlOMkUzWmpjeE1qQTVaalprT0ROaU1HVXpOelJqWlRReFpUSmpNems0TnprM01tRTRNbVprTXpaak9HVmxaamMyWXpNaUxDSjBZV2NpT2lJaWZRPT0=', 1752022704),
('5yxwrRS90wVAsfMw8XeXCTX9mq2kPmfdT8PISejq', NULL, '172.71.146.249', 'SentryUptimeBot/1.0 (+http://docs.sentry.io/product/alerts/uptime-monitoring/)', 'ZXlKcGRpSTZJbXRQUW5ZNVNtZExaakJqTjBGWWNVODVaV05YUTJjOVBTSXNJblpoYkhWbElqb2lWVWhUVGxsTE9WTjZXREkwUlVaRFNtWXhURUpDVVRWVVNESmxRMHRuV25vNGNXNDFRVE14Wm5ONWJYUlhjbTFwTUROU2MwRmlVVkV2YUdobUx6Qk5Wakp0WlVOelRGTXZPRWxoUjNobVNrbDNPQzlUTjAxVFNIVlZNVUlyUlVGbVkzcEZkM2hGVFRGdldFUmpiSEF4TTBsbE9WUmhZMXBtUjFSVVJqUm5ialp4VkhWRWMydHRkSEpLWmpocFdFZzBWRkpxTDBGcVRVaDVVVE50VmtzelFXcHdVMUp0YVZSMFJVd3ZLMW96WlZackwyZGhUVVl3U2xaQ1MwOUNPRmczY21sd09VWldkR0ZQY1c5RFMzZ3hRa2xNTldWQ01sRllUbmRSTTJ0UlRGcGFkMXB3VWxObWRTOWhNelEzVnpZcmVqQmFVblZPUWpGSU5qQklRMFF2UlNJc0ltMWhZeUk2SWpFd01UYzJZVGc0TUdFNVpqZ3lOakpqWTJSaE5tUmhPR0poWVRkak1UVXhNalZrTTJGaE1XWmhaR016Tmpsa1pUUXlNek15TkRrME1qa3pPV1kwWW1VaUxDSjBZV2NpT2lJaWZRPT0=', 1752026604),
('7o6vitCNAIi8yz5yZSE3UpwY697wNOip9isW2iPX', NULL, '172.71.150.246', 'SentryUptimeBot/1.0 (+http://docs.sentry.io/product/alerts/uptime-monitoring/)', 'ZXlKcGRpSTZJbmxFV25aclpIVnRkblEwT1U1V1VVZG9Wazk1UkhjOVBTSXNJblpoYkhWbElqb2lXVk5TTVZCUVVWTkJXRGhhYlZZMFpXbHVSVW8xVW1aT2QwMTNhR3N6UjFjMVNVdE9jRnBsVHpGMlQzQm1URTVFV1U1WFltTlRTVGxvTUdGRVpDczBkM1UxVlZKdVZHeFhORTFEWTBoSkszRm9iMnBGYTBjdlZrUmtRWGRCU2xSc1lsaE1ZMHd3VUdFd1dFbzBiMkpuY1dSTVRXOXhlVUpCVWxKT09VWlZSblZQZWtKNVpubFlXRmhKU3k5emFXWnVTbmhsWmpGcFJXMW1lR3BMYkRoNlZHTTJSa1pQWlhBMmVEWXlkRkZwYTJsMVFUaGtPREJ4YTI5clNGTlZWSEV6TTAxT1FTdDZVV0kxVFZSaFMxRjVUR2xVY1V4dmNsbExOblU0TW5OYUwwWTVNSGg2WlRaelFtTTBOekpHUmxaVmNYazBOWEo0WTJWRFkzSnNaWEJKVXlJc0ltMWhZeUk2SWpoa01qY3lObVV3TnpobVl6TTRNR1ZoTVRkbU1HRmpZakU0WWpVM09HWmxOak13TURkak5HWmxNREU1WW1RNE0yTTFNVEF3WldNeU1tRmxOREJqWWpnaUxDSjBZV2NpT2lJaWZRPT0=', 1752026244),
('7QHaoYvfk4fkqwWzWzYGDOjHWXnVfha1NWTcwj2s', NULL, '162.158.79.175', 'SentryUptimeBot/1.0 (+http://docs.sentry.io/product/alerts/uptime-monitoring/)', 'ZXlKcGRpSTZJak4wT0ZOcU5TOU9XRU1yV1hCbU5VMUxZbWQ0Y2tFOVBTSXNJblpoYkhWbElqb2lhbWRwYkM4MmVVRlZLM1F3TWl0S0swdDBOaTk1VURKbE5GUXZXbEZCVlROS1lYZHFkSFpDZURCRGNsVjBLMnBLY1hGRmNEWXZORlpxZDNsc1FrVXpUelJCYmxKaloxRTBkMnhYVlcwMmVIZEZTMFZqTjNST1ozWlJkWGxET0RFMGNqVklUMlJ0VG5CMlIyNWllVlpLUm1rd05sWlhjeTl4TUZCSFJUaFVXV2xRVUV4d2RXaEtjelYwU25oNFVUUllTbE5GWjA1MFYxWmxkQzk2WjBrcmJURm5PRzF1VVZJNGN6Tldaa2d6ZVVadmJURkVXVGhIT0dWelFrNURWR3RFUjFveWQwMVBWVEJOV0VjdlJFdEdWbFJHVUZCRVprOVhVVTgyV1hsaFlub3hkM0paYVZwUFZIaFZkMlYxTVZKNFdUZFlWVWxXU1RKeFNFbEdTMlpFY2lJc0ltMWhZeUk2SWpFMFlqazVORGN5WmpOak9USXhNMlF6T0dJd05ESTRORFl4WTJFeU5HRTRNelEzWlRnNU1HWXdNRGxsWVRNMU5qQmtZekU1TXpabVlqWTJObUkyTnpJaUxDSjBZV2NpT2lJaWZRPT0=', 1752027804),
('7sDEi2ZshfrYL8GgOcFT3GD46cpJlyGe6w1puHKw', NULL, '172.70.38.182', 'SentryUptimeBot/1.0 (+http://docs.sentry.io/product/alerts/uptime-monitoring/)', 'ZXlKcGRpSTZJak5NTURsSlZrOXdjbFpCTjNSaFpHSjZOMmhuTUdjOVBTSXNJblpoYkhWbElqb2lLM1pMYTNaR2NGSm5ibnBzUldrMlpXMXZjRzlWZFV0MldsTk5RMWt5ZVhsTFpGWndRbUpDUmxZdk1XZHdTVE4yTkhaV2NUZDFZMHh4UzA1UU5sVXdhMEp0ZWtGa1RGcE1jbGMzYjBwVGVIQXhSM2R1TlhCRlJrczRZV2hLU3poWE9FWjJkV1Z1UjFOaU1IZFBiRlY0UW5reU5YWkZOVmg0WjFoeGJteFlRazR2U0hjNU1VbDZRM2RvYUdwYVdFSjNVR0ZoV1VwVVkzUlVOVk0xYTNGMlNHWTFSa3BSVEVSS1RsQnlWMUZQTUZKTVVDODRiR2hZZW0xYVYwZ3pTR0pxZEZkTlNTOUxkbFppUkNzMlNraEVXak4xVkdjelJFaERhemh3YWtSWFRVVnRSbWN2WW1sTlZVOTFabEZpY1RCMlExZFZjamx0THpaSE0weFBNR0pyU3lJc0ltMWhZeUk2SW1Nd09EQTBPRFEyTURrMk5HUXlOMkl5TlRrME1HVTBNVGN4T1dRNE56QmpPREE1WW1aa05qaGxPVEZqTVRGbE1qa3dNR1F6TTJOa1pXUmpNRGxoTkRraUxDSjBZV2NpT2lJaWZRPT0=', 1752029004),
('7vgfT5QCoSaStMm4XHHIOYfyyCl62067S0jUx7K5', NULL, '172.70.174.228', 'SentryUptimeBot/1.0 (+http://docs.sentry.io/product/alerts/uptime-monitoring/)', 'ZXlKcGRpSTZJbGt5T1ZsSk5pc3lhVmRTTmxGRFVsYzRTVGswVFVFOVBTSXNJblpoYkhWbElqb2lURGxNY25CM1FscFpka0pEVUZOTVFtWkVhbkJYUW5GeU5TODRZVWh5Tm10WWNFWnlSa05xTTJabVEwNUlRWEJXTkdSUU4zYzRWRGg0YTJOd1pqbDBabmh5V0d0elVXMWpTVkpETWk4ME1ESlZNM2hJUnpacFFWaFdjblY1UmxWWmVVSnBheXRaWXpsMVJIUldZMkpOYjJoNmVuZEVabkZNWkdjdk5IbDRibWhEU2xCc1YzQkRZbEZGVERsdlV6TnRabFJPTW5RNFpURkxPWGxMZGtOVlNYQjFla00xTldreGJuZENZMkpQVW5vMVRUbG9lWHBEY2t4T2RtcGFUVGRoZEdGUmFuTk5jVFJOVGxkcWVXNWtiRmRWTWxKYVZGSmhNRU5hZEhoRFNtczRjVVY0WlRjdlZIVnNORzh5ZW5GeFlqQTJWWE5NWm5ZeVJYUXlaSFF2TXlJc0ltMWhZeUk2SW1ZelpEUmhZekZsTVdRek5UTmxORGRoTWpZNU5tWXlPV0U1TVdNd1lUVXlPV1prTURnM1pHRmlaakV3WkRCa016RXlaak5oWm1ZMFpESTNNV0l3Tm1VaUxDSjBZV2NpT2lJaWZRPT0=', 1752027984),
('8Lym8wei6mOxnYlgdYXV2dv8xXh4nbRaAdYHRhJB', NULL, '162.158.41.62', 'SentryUptimeBot/1.0 (+http://docs.sentry.io/product/alerts/uptime-monitoring/)', 'ZXlKcGRpSTZJbkI1WkdaU1FtbDBOVWxhWTFsRmN6SktVMDFVTmxFOVBTSXNJblpoYkhWbElqb2lOV0ZUV2pOWVZUWXZVRlZpU2pkTFVITjZVazFyY3pReU5XMVdSRTg1WjBsWlJ6bEVSMkprWm5Zck5HcHFVelpXVms1WE0xbEZPWGxuUVZOVGVUZGllWFpyTkhRMFlUbDJhMWRCYW5aV2VDdDNiV1pqWmtsdmIzZDNSbUpwVGpCYVVGcGpWRGgwY25kWFF5OXVRa2c0UVZwWVRHdDNjMFI1WWtKaVUxUXJkQzgyUTBWRlMwbHBVeTl2UVRsMlpHSmtZbEpVZGxOclJYQnFOa3RRYlV4RlNWaDFSRWgwVUhab2JtOUViWFl3ZG1KcGFteHdVMlEwYnprdmMwWXpOMGsxUTNscVFYWnZWekZNTlRadWIyMTBRMHhVTUc5TVFqRjNja1o2YjJweGJXNUZNV2hVTTA1dmExaGFVMVZ0Wmt3dlUxSkJkamRIVTFWU2JYTnJWMjlLTkNJc0ltMWhZeUk2SWpoaU5tWTFOekE1TURjNU5tWTRPVFEyTXprM016VXpabUprWVRBMU1ETXpZamRoTTJNME1tUTJNV1UxWVRFek56aGtNMlE1TVdKbFl6YzNZMlkwTmpjaUxDSjBZV2NpT2lJaWZRPT0=', 1752027504),
('8SQuuCxiXIWjNgbIeVg3K7nTcRivzu3JMrEJQ2hu', NULL, '172.71.150.119', 'SentryUptimeBot/1.0 (+http://docs.sentry.io/product/alerts/uptime-monitoring/)', 'ZXlKcGRpSTZJbmRTUVhZNWNtNDBlRGRKVUZsQk9VeHFTalUzTTBFOVBTSXNJblpoYkhWbElqb2lielZDTjI4MWVITmhla3BhYTBVNE4xQndha2xWVVdOTE1XODBNV3cwY1ZFelQzQnlhRE41YmxwQ2IyeFZTM1Z4TURKbmJtcHRSM1JFZGtKQ1RWRk9kR2xLUVVRMldEQkxiVTVRTldzeFYyMVFUa3BDZVV3MmJXUXJTRVZqWjFGaVprOW9WVk5NZFZsWk5XbFdibVZwZDI5S2VVZGlXVWRPVXpCM1dVeFZWVUk0VFd4c2VqWm1hVGxHZEZkdVdVaGhiVlZoTUUxbU1IaGlVVUpKYW01b2RVOXZUWE52U25VNFVXb3piSFJVVURaVlJXSjBZa3BFTDNZeU0zTnpUbVpZUWtjeGFIQnRVbFZzUWxBelZ6UXdNVmhxVms0MU5GZHhkMmhOVlRFcmNpdHRWaXR3YjNoM2NuazFaVTlrYUhZM2QwaExkQ3MxV21wTmJFUmpkRmR0U1NJc0ltMWhZeUk2SWpRMFlURmhPRFpqWVdOalkyUmtNR05pWW1abVl6QTNPRGM0WXpsbU1qZ3dZemd6TWpFeU9EY3lZVEptWm1NNFltRmpOV1E0TkRBMVlUQTVZMlEzT0RJaUxDSjBZV2NpT2lJaWZRPT0=', 1752025164),
('9zifIRprYGInJyzvz38g5jzUlLoGssHL3DJzeKqT', NULL, '104.23.209.167', 'SentryUptimeBot/1.0 (+http://docs.sentry.io/product/alerts/uptime-monitoring/)', 'ZXlKcGRpSTZJbGxTYnpkTU5tMWhXVlYzVTJkYVRreHNiM281VFZFOVBTSXNJblpoYkhWbElqb2lSekIzU1hCd04yTnVRVXhVTW1WV2IyaGhWR0p6UVhkdlltaEJhR1kwVUN0cE5XaEdkVEJ2VDIwelJEWlRSVVpHZHpZeGExaHlhVkJUVkhRM1EyazFhMWxrTkVWeFdYTktNblZ6Ymtvd1ExazVNemhMZDIxcGJGTnNXblV4T1VwTU9TOVJNR1IwSzNSb2RXOHJOeXR1VkVjcmRsZFRhamx0UTB0MVRraEhhMjVMUzNnMmNWazNSamhaWkdRM1UxRktkbXgzYzBnM1ZWUkJaME16TDFObFMzcDJUMFk1YzNWb1MwdHRaM1F4T0VKVlNHcEJhR2hyYWtSRFRqWTVkMmRwZVdFcmF6QTRSMjFHTmpVeFZYbDJXbkZJVDJFeU9FeHBjRkZ6Wnpad0wwRjBWMm94VWtjMGEzQlRaR2Q1WVdZNGJEbEtkbGRSVG5aVVZtUk1NbG96V0NJc0ltMWhZeUk2SWpVMk0yUXhNRFU0TkRFd01UUmxORE5sWkRSbU16SmxNRGc1TmpBMk5tRm1ZemxtWmpka1pXVm1NVEk1TnpOak5UWTNNakpoTTJJM1pXSmxaVEZoTnpnaUxDSjBZV2NpT2lJaWZRPT0=', 1752028644),
('Ajr3jbMU8l315ULYZGKd8Xy8fFspEKcAxmnpeZFb', NULL, '104.23.209.167', 'SentryUptimeBot/1.0 (+http://docs.sentry.io/product/alerts/uptime-monitoring/)', 'ZXlKcGRpSTZJaXRzVXpaRWFUZDFOSGxQTVc5WlMwbzVXbU5RWkZFOVBTSXNJblpoYkhWbElqb2llbTQxZEZJeWJsQlpVRGhETm5nclpXUTNNVzlVWXpnMFRtWkVjVEJ3YldkV2JsRkRORXRUTTJaMFpsTm9jRUkyZVc1cVJtRm5VR3Q2UjJwdmJXSndXR1JNWTJFeEwxTndhVWxaYldwVkszVTFSSGx3WlZOVVpsQnFlVEppZFdsMVdtYzBSRTR6YWxJMmJsQklXbTF6V0RKMVRrSlZOeXRvWVN0eldHZFlTbEl5UkRNNU9YSllPRlpRYTFaUE1WTTRPRmw2VDNvMmJuTjVVVVZHTjJSWmRrWXljR2RKTDI1MlRXMVhVMmg2UlU4eFQwUTRNV3BtTDI1TlJFeGFWVTh5VlcxdE16aEdjVFpVU21adFpHSkpabkZKTTNOQlVHWjBWMWhtV2s0MWJEUm5Xbk5OVGxNNE4wMTNZelZ2TDI5aFVsQlVUbEIzWWtaSWJFcEdlRzlTZWlJc0ltMWhZeUk2SWprNU9EQTVZbVZoTUdGaU5tSmlZakpoTURFd01UZGtZbVF6WkdJNE5tTmxPVFEwTTJRMllUYzJZMkV5TlRCaVpXWm1ObU01WXpka09XRTVObVl4TURNaUxDSjBZV2NpT2lJaWZRPT0=', 1752027924),
('AkHVtAWvWGhvgQ2FTWHxOCHLKLHmjv9U7pYhCnn2', NULL, '172.71.194.235', 'SentryUptimeBot/1.0 (+http://docs.sentry.io/product/alerts/uptime-monitoring/)', 'ZXlKcGRpSTZJbEZ6U0Rodk0yZDJZa2R2S3pKYVVVaG5SRXhtVVhjOVBTSXNJblpoYkhWbElqb2lablJaUjNsbE9FZDBkM1pXWWtkaFlscE5kbTV1TkRsM1MwMUNhME5rWWk4MWEyMHJZa2hxWWt4dlFVUnhWWFJXZUVKTVJuaEVaMHBYWVhreGFtRTBXSE5WV0c5UVVUUjRVRW95TDJGaWNIQklVRlpPVDNOWU5FNXpZelZtVERWTFRsZGFVa3ByTTBocFFteFdURmxwVlZKS0szSmpTVVZhWjFwb1JERldWMk5ITlhGQ1ZHRTVRamd5ZGpkT2FsTkRkMHhJVW14c05EUlpkV1JZU2pGQ0wxZElSVmhzWkdrMGFTdDNNVUZIVDFGTGJtZEZRVlF2Ym1oUVJGQklhVkUxZDFveE9FNXZjaloyV2twb1JXVmxNMEZsSzBvd01YUm9jVzlRZUN0MWFVSXpTR2x2YjI4MmNYWXZaR3hCTldwNVZYQjJUbkJTUjFCdWFrTjRhR3RaUkNJc0ltMWhZeUk2SWpjeU0yRTBZamMyT1RNME9HTmxNelUxWlRrMU5UYzJOVFUxT0RrMk5UYzBaREk1WmpWbE1UZGtNakV4T0dRMU16UTFNMlUwTmpRd1ptSTFZMkU0TTJFaUxDSjBZV2NpT2lJaWZRPT0=', 1752025224),
('AvmlyymuHCBo96Bi410w1RLwsPAu9YbmA2ZZONQw', NULL, '162.158.41.253', 'SentryUptimeBot/1.0 (+http://docs.sentry.io/product/alerts/uptime-monitoring/)', 'ZXlKcGRpSTZJa3BFYTJ4TVNucFZTMWRxZURsTlJFWlJMMWQ0VVhjOVBTSXNJblpoYkhWbElqb2lkREF6WXpGRFZrRXdaWGg2UTJKTFdXdFlZblZvYzAxaVVscHZPSEppWkdwUVVUbHRlSGRWZFN0Nk0wdHJVbTR6ZGxCWlZrUm5RbGx2VGt3MU1UQTRPRXRZYms5NU9HaFVjalJNVW13MWJtVkRhVTVaTm5SWlQyOTJVVlpuZVhWcmIwRnplbkpxYlhjck5FdFpkMGswZWxwVlltZFVablZDUTBWR2JUTk5TVzl0UVdWVWIyRlVTRFo0TWtSc05YbEROMk5IV2tseFJuUjVka1ZQZEdVMmRUQnBRa3B3ZWpaVFNXTkdTVVJuUlZSbE5uVXpWbTV1YVZZeVV5OW5XR2hHZEVGQlJYWmFNbGxpY0VSNWIzRXZPWGRrTVRkSGRsTnVka2RIVmxkS0wwRmhlbFJSTm5saVlYa3hSMk00YkVWV1RpOVBjV1l6WjNoYVNVWjVUa1JRWlNJc0ltMWhZeUk2SWpnMk9XUTFOMlF6Wm1VNVlUUTJOVGszTldVMVltVXpZbU5oTkRWaVpqWXhPR1kxWlRsbE5HUTBNRGsyTlRZeU5EUmlaV1UyTlRNNVltVTJOVGN4WkRBaUxDSjBZV2NpT2lJaWZRPT0=', 1752028764),
('b58DIptEvTFcs4sxPxwN0ZwV1VWkRlJILzU6XhJL', NULL, '172.70.38.196', 'SentryUptimeBot/1.0 (+http://docs.sentry.io/product/alerts/uptime-monitoring/)', 'ZXlKcGRpSTZJbmxvYjNwbGVtRTRWRzlOTTFCYVYxazBia1JFZFVFOVBTSXNJblpoYkhWbElqb2lOM2hVUzNGVVZHcExaWGxIVW5wUVptUjBSelZpTUhWbmIyNXRNakpNZFZJdmJtOHpPRkIyWW5SUk5WbDZVbFJOU1ZoYVIzWldWa05tZFdjeVpGQTFlRWRJYkRCMmMwSlBabWhoTVVOR1YyRldTVEZ0Y1d0emJGUXZhSElyY1VvNEszTk5jRWRKY2xOVlZWaHNUVXhPZURGNmRqUlphWFJrTTFGRlNVUmxiM05IV2pSM1NsTm1RVUZyYVZWS1MydEpXVVpQT1dWd1IxcFRiRFpWYUZObWJEbHlZbmx2WldGR2NHVnVOVVZGSzJWNVpucDNTVXh3U0VwcWMxQXhkV0V2WW1ReVp6WllRbFpEWTNocFJHbFBVazR6YXpOdGFWSkljVFpMWVU5cVZFdHZjMFkzVXpjMlpuaEliMFpVVFRkTU4xRkxWVGh4VG5ac1VIUTBjakpWY1NJc0ltMWhZeUk2SWpVek5ERXdNMlF4WVdFMVpHUmpPV05pTm1WbFltVTJOalV4T1RCa016WTVaV1kzWkRVd01qUXdNbVUyTURFMlptUTVPRGhsWlRFelpqaGtPRGt4TjJZaUxDSjBZV2NpT2lJaWZRPT0=', 1752028824),
('b5LgaKNPy9nv9a4JAcroudsPfh8g242Ftn3jVeaO', NULL, '172.68.138.147', 'SentryUptimeBot/1.0 (+http://docs.sentry.io/product/alerts/uptime-monitoring/)', 'ZXlKcGRpSTZJbE5UYWxCcVZEZEtXbEIzV0ZkWE1IZFRaekkyVkVFOVBTSXNJblpoYkhWbElqb2lWRkJxY2xWS2MxaGtOa3R4VVZCRU5rMHZUVmRvYzNCT2VYSTNjRk41YjBwTllsRndTemxKZFhWRGFUSkhjMlpaYlZKRUsxZGFkbmRXUmxWcWVsVkhlSGxpTXpaM00zSXJZVE5wZFRGcGIySnZXWFJwSzFCS2NVdGxRMGc1WmpoRVZYRkVZMlZMYzFOb05FazNSWG8yZW5SM1ZVMHZkbmRoYVc5TlowSjBaR1Z4TWxZdk5FRmFaVGhTT0VWVk5XRkNOMHhqVjNGaWJESkNhM1pFTTJoaFJqZFRWMHRuVlVjNU1VZzRUa0Z5U0ZwaVlraENNV3N3YWsxeWVqQmphV0UxY2tWbVVuRlFjako1UkM5Mk5rbzJiR0UwT0N0RFNVVTNNVmMyTlVwWlEwSkZRa1ZqTTBZME9WUkNNR3hUYzFSTE9UWXliMGRVWTBoUFJ6QkhSbHBqTHlJc0ltMWhZeUk2SWpnMU9EQmhabUkwTmpVeE56WmxOalF6T0RFd05UaGtZV00xTlRObU5tSTNaRGd3WTJVek5XUTRNRFZsWkRJNE1HTTBNRGhoT0RZMFl6ZGpNemRqT1RVaUxDSjBZV2NpT2lJaWZRPT0=', 1752026304),
('BFicU59M2PR3kYayH8OmujueAdXQ69agwRb3DEZd', NULL, '172.70.38.100', 'SentryUptimeBot/1.0 (+http://docs.sentry.io/product/alerts/uptime-monitoring/)', 'ZXlKcGRpSTZJblpJZDJGV1VEZEZVelpEV1RSVUszTjBjM1EyYmtFOVBTSXNJblpoYkhWbElqb2lSQ3QyVGxCM1IwTjNiSFZtU2t0T1RuRjFjV3h0UkV4MGNIZHRlaTkxUzJoT1QwZFVZUzlKY1VSblEydG9ValZ4Y0RjMGQwTmlOM0k0SzFkSE0zaEhlbmsxTjJkUll6aDBlbG8xYXpoVWVubGxPV1Z2VVhBeGFGVkNWMlJJYW5wM1QxSXJTWFpPT1hVeVUwVkNTbU56YWpOd05YbFRZM3BIZUd0U1ZIazNOMEZsVkV4eWVqRnZOSG8xVDBJMlZYcE1RMGhsY0UxVlkwRklUVGxCWjJnMVIzVkdUVlo1TkZFMFUwUXlaMFI0WjNCbGJVUk5ha2R3YUhSTVJ6QkxOMjE1TVZCdE9VNW5iSEp3VWxrM2VGVXhOa0l5TlhSa1VqRXZXVGhYWWpjNFNGZDFRVGh1VVVaUlNsTjRWREpVWnpaS1EyUXdSekp4VVc1UUt6UkZWMlpPU0NJc0ltMWhZeUk2SW1GbE5tUmlOVFJsTjJFek56Vm1ZVGt5WXpoak1ERTVaREptTVRFM1ltVTJaak5rTXpCbE5UVXhZMkkzT1RsaU5qVTJORFkwWVRSbU1UbG1ObVk1Wm1RaUxDSjBZV2NpT2lJaWZRPT0=', 1752022884),
('BgwdlhzTnihG7zwjjW4xTLCfChmihto4w6E5jLNy', NULL, '172.71.223.41', 'SentryUptimeBot/1.0 (+http://docs.sentry.io/product/alerts/uptime-monitoring/)', 'ZXlKcGRpSTZJa1F4VDI5MmFVcFRaRVpDYlZSdlZIRktUekZpWmtFOVBTSXNJblpoYkhWbElqb2llVkpHUzNCT1RITjNlak5MVFRRelVYQklSVWhJVVZacmRGaDZibUYxZERGR1ZVMTVTVmxITkcxR1dIVjNNMUUyU0U5WU4zaHpiMHRpUkZRMVUwSlFlVTFvZDBwSVRWQmhWelpvYmxGV0syUlJLMkZVU3pGVFVrcDZiMFJVTUZaR1RtMW1UVTVDUjNOblRrZGFTV3hWWjFOS05raHFUV0pzWW1kS1MybExhaXRvTjJSeGVrWTRaR3BNUTI5RFZTdEphVVJPWldKcFIyUnNZMFI1ZERVd1ZuaFVWMDh3ZDBvNU5VUlBiRmczYmxGR1pWRktWVFZNVXk5b1RrVjNhRTR4TW5rMWFEZERhalo1TXpGVGFraHRhamg0ZUVSaVdXWmtRMDl1WjNJNEwxUmlOMlJyVG10bGRYVkNhV1ZTTm1aelRYb3piM2hrU1ZFM1JEQXdObGsyY0NJc0ltMWhZeUk2SW1RNFpUSm1NMkprTXpRM01XSTVaakJpWkRWbE9UVm1Zall6T1RoallUa3hZalZpTldKaVpHSmxNMll6T0RNNU1tVXhNRGc0WWpVME0yTmlOMkpoTURBaUxDSjBZV2NpT2lJaWZRPT0=', 1752026184),
('BiZ1q0lzL2BjPdCp6DqsEH8WI3iPvf6yOmFeNDhq', NULL, '108.162.246.187', 'SentryUptimeBot/1.0 (+http://docs.sentry.io/product/alerts/uptime-monitoring/)', 'ZXlKcGRpSTZJa1pKV2s4eFFuSldOVzE2YUdjMmNqTlJSRWh1YzFFOVBTSXNJblpoYkhWbElqb2lNM014UlZsTU1XcHNZV2g1YVRFMFJFRnZTSGxsUmk4eFNsaG9LMUZwTlZJck5UVlhLelV6WVc5SmRtaHZSbTVEVmpsVGFXODNNMjAzT1hjd00wbFBTazlTVDNGVWVITnNUVkpIUlZsR2FtWlJhVkpZUmpCSWVWQnlORGhHVlhWTk0wTlVhSG95U2pSMFlrMHZiVFYwWVRNM1pGWkNRakpVZVc1NFR5dG9kRFptUTNOTk9WWnhTek5YU0ZsaFltMXRjVVprVkZwNFZIZFNZbGxFZWt0dGRrZEJjM0JDSzBvNVJGRm5RMDlaUlhVdlRUSTVUWGRGY2xCV1ZtVlNhM3BpYjBoclZGUlBWVzh3UVZWNUwwOU9OSFpFU0hGaFVuaHBTeTlCTVVaSmVYZDZiVnB2TTBRcmFqUTNZa1ZRYWpOUVJqSXhSbkpJVFdaWFdGVnhaVGsyVUNJc0ltMWhZeUk2SW1aak5XSTJNMk14WkRaa01tWTJPVGsyWkRVeVlUTTFZMkk0TWpaa1pqYzFNRFZoT0Roa1lUbGlNV1F4TnpWbE1qYzFNemRpWkdFMU16QTBNelZpT0RNaUxDSjBZV2NpT2lJaWZRPT0=', 1752024804),
('BQiQTjq2umbCilQNBcNnd0KT3Nvr52Jq4yIhM0Sc', NULL, '172.71.146.155', 'SentryUptimeBot/1.0 (+http://docs.sentry.io/product/alerts/uptime-monitoring/)', 'ZXlKcGRpSTZJbTUxZWtScFVrbE1Sa3d5WlZWeGJsUlpOSGRXZVhjOVBTSXNJblpoYkhWbElqb2lVMFpRUVRKNFdEWmtPVE5SYml0M2NIbFdPQzltVGpoS0wzUklRWGhKUWxwVVZUQTRVRVZEUWxoQlRubFNiRk5MUzBWdE4yaDBVMkZoVUd4RFpGaHBhaTg0VFU4NWVWaDNSRk0xZVd0eU1TOXNXbTFvVUdSck1UaFRkWE5QUW1GNU5scDNUMWRhUXpaUGEyNTRXWEpEZG5GTVRVOUtMMUJOT1VWRFZuQlJUMFJFVnl0SWIwcHJVakJHWW1zNE5sRjZjMU5oTmxaUWJDdEliakpsUVRCWlRGTTNRVEFyTUU5WldtNU1aa3BLVG1sbVRsZEhXWHBYWmpsUmFFTkdOV3RYTURWbmVHdFRSMWxqVkdoUGVYazBXbTlFVWxkcVkyZ3pUVlJ6T1ROamNGaHFNVTF5YlZKQ2FUTlNNRk4yYld4QlpucG5jekpPVUM5UUsxSk5lbUZYUnlJc0ltMWhZeUk2SW1SaFpURmtNalkxTjJJNU9XSXdNek00WWpCaU1UQmhNMlF3TVdaa1pUYzFNbVZqTWpjM1l6azBaakV4TXpBd016VTJNalkwWW1WaVlqZGpabVEzWlRNaUxDSjBZV2NpT2lJaWZRPT0=', 1752024984),
('cjjuRz8vaiVUlRnPubbl3fvCYJxcpf0oJi7wb1GV', NULL, '172.68.138.201', 'SentryUptimeBot/1.0 (+http://docs.sentry.io/product/alerts/uptime-monitoring/)', 'ZXlKcGRpSTZJblY1ZFc1SWRITm1OMW8xTTFKR2NXaDBaMVpSTWxFOVBTSXNJblpoYkhWbElqb2lhWFlyTUhOc2NYcFBNa2hUU2tkQk4xTjVhekl3VjFodU1IcEdOaXRPVTBObkt6UnBTVTg1TTJreGRtSktWR3A1WTFaMlJsbGhUaTlvS3pkb1QyTmhWRVZqZDFWQ1MwdDBOV1pJU21OM2REVTJMM0V5TURaVVEzVm1MM2MxUm1oMFYwaHNLMDh3ZFV4SlpUQk9abEJRUzJkR1VqVXpZbHBOZFhSeWFHSlpibEZSSzB4VFFUUnhOWEpJVTFZdldWSTBiamRUT0dGTVMwYzRSblpYYmtaUFdEaHRVbTVIWmpneGNrMUNTR2xFTkc5eE5WRkxPVk5VZG05UWExWktaRFJ4YkhsVE5tZE5kMEUzVGtwemRrRnBNMmhZV1d0NGRIWkZOMjFhTW5OTmNtOHlRek5HWW5WaEwzbEJSR2QwT1RZeGNsRnlTWFk1TjB4RmRscHBZWHBMTWlJc0ltMWhZeUk2SW1abFptSmtZVEJtTUdWaFptRTNNRFEwWm1Gak56TmlZekl6TkRNMFpqQm1OV0ZrTW1OaU9HSXpNVFV6TkdFM00yTTFaR1kyWW1JM05qa3hOV0ZtTnpRaUxDSjBZV2NpT2lJaWZRPT0=', 1752023424),
('CL6enlZ3Op2GpWd1MUtq9JanLSM1MhMgHILwi8hv', NULL, '108.162.245.121', 'SentryUptimeBot/1.0 (+http://docs.sentry.io/product/alerts/uptime-monitoring/)', 'ZXlKcGRpSTZJbVZOV0VsNVpGbFJOR0pIZFdaeGJtMVBRVWwxZFdjOVBTSXNJblpoYkhWbElqb2lZak5QVDNsWk1ISlJPRlIyZG01SGNIWjFXUzkwVEhaS1ZtMDVWakYzVWpOYU4yeDJWRU55Y20xdFVXeG9hMDk2VDIxS2VFSm9lbG8yV1VOT1ZGRjRPVlJtYmpOTVJGQjZVMkZUZEhkcWVEQkpMMFUxUVZrM09IVklRbHBKV1U1Q09UaEVibHBNT1hKQk9GVXlhR0Z2UVZOdk9GaHZhMWhzSzNsTlFXTXlhVGxaT1VOUWFWazVZVXg1U1hGbWJHaHRTbE5RSzJod1UyUm5Oek5VTVVkR2NITmhhakJRUzNwUFNqRk9XVmRtVnpKTWNraEVWemwzV0V0VlRYbFROemh2Vkc5NFRVeFZkSFpFTTB0aE1sbzRlREZLTldSR1JGVnhkRWxZZW05aVlYUXpORFJDYVZreVFrUlJVell4U1M5MldGUkRLM1JxZWtwcWVqaDVSRlkxYUNJc0ltMWhZeUk2SW1FeVpUZzVPR1pqTm1ReU1UWTFPVGN3TVRZd01HWTJOakpqWXpSa1pqRmpPR0prWmpJd1pETTNPR0V5Wm1VeFlUZGtORE16WkdKaU0yRXhPVGc1TUdNaUxDSjBZV2NpT2lJaWZRPT0=', 1752023184),
('CTHiOHDhwHLIkbhMigWJT7zSnPOOYxaAhoKsdsPG', NULL, '172.70.135.105', 'SentryUptimeBot/1.0 (+http://docs.sentry.io/product/alerts/uptime-monitoring/)', 'ZXlKcGRpSTZJa2xsZWxGSmNtbDFUbUZyYVdOVlUwdzRWMWhTVlZFOVBTSXNJblpoYkhWbElqb2lOSGszUzFKSUszQlNTMVZoVVU1WWFUbExUME50YW1Wb1VrTk1NM0J0UW1SQlUzQlNXbHBuVmpWdUwxUTBiaXN2VEhGSlFVNWliMXBaYlZodFJuQk5XV3QxY2pBeVEzbFhRbGR5UlhaUlJqazFNREYyVWtKNVppOHphVkpzWjNweVkyUmlkR0pqVDFCT01HOUNWMGRLUTFkcmFVOXJlRkEwY2paamVsbEVkWGRrVTNKSVYzUTNWM0ZDU25aS1VYbDZVamwxVDJwYWNrNVlhbXh0U2tSblIwOXhlblV4VkZONUx6UmlRbmRVTmxSM1JWVnNjSHB3T0V0d2RqQTRLelJ2UjFBNGJHdFhhbE5sTW10NVRUUjFNME42Vm5GbU9GWkZTaTlqYmtoaVVFZHJlbE5UVVdSWWNURlFOVmRhUlVGUkx6ZG9hMkZLVjFjd1NEUXdTMWQ1ZFNJc0ltMWhZeUk2SWpCaVltSmpOVGN6TUdJM05EVTJNR001TUdaaU9EVXpZelpoWTJJeU1HSmhaRGxrTUdGa05tTTBaamxrTVRWaFlqQmhOakJtT0dWbU5UUXlPVEUwWlRBaUxDSjBZV2NpT2lJaWZRPT0=', 1752028344),
('DBA4q3UoWrfrt5aHdnIXk8iAU57eQC4rw2yHWn4S', NULL, '162.158.78.92', 'SentryUptimeBot/1.0 (+http://docs.sentry.io/product/alerts/uptime-monitoring/)', 'ZXlKcGRpSTZJbkl4YTBWMFZYWkJPRkZNTldaV2NYSlNhRzVUWWtFOVBTSXNJblpoYkhWbElqb2lNVGxIVVdGNFFuZDRiRVJFYUdWRVp6bEdWV00xTkZrd2NHcGxPVXd3ZVRGUVVtSndhRFZEWTFaTVJVeEZTa1UzZUZwR1VsSm5MMDhyYmtseVpVWXplSGRUU0U5SFRucG1WbTFtVWs1YWJHSnRTVGd2TDFWUVMxQnBPR0ppVVVaVE9VODRiSGhyZURobFNFNVJUVkZZTkZsd1ZFWTNWSFYzTkhCV00yTm5iVWswVGxsQ0wzWTNhRmxLVjNGaGFYUnZPQ3R1Y3pCSGVXTmhWVUZqYjJvNGFUUmtNMmxKYXpoR05HUnFLMHBZVTBSblFWUklRVlJvWjBreVQwdFNUVXA1WmpCdWJXaEpla3MyWlhGdVl6TkVaMXBQSzBweVJWSkNSRWR3YWs1TlRWVnVVVEowVDBjMksybGxkWGg0V21OR1pGY3dUMGRVZDFaT2FFOW9ZemhCTWlJc0ltMWhZeUk2SW1ZNVpUTmlaR016Wm1ZMk1qVm1Nek0xWXpjNFl6VmhORE0zWWpJNVpqWmtOREk0TkdFNVpHSXdZelpsTjJZNVlXTXpPV0U1TkdWbE5EVmlZVFF4TnpnaUxDSjBZV2NpT2lJaWZRPT0=', 1752023484),
('DFS23DXGXXVIYVg5GwPDYUrr6y8YFVq5zYDjjYky', NULL, '172.70.38.182', 'SentryUptimeBot/1.0 (+http://docs.sentry.io/product/alerts/uptime-monitoring/)', 'ZXlKcGRpSTZJalpYSzNveVMwNWhkRXhaTVd0WGFtUlZkMlpwWjJjOVBTSXNJblpoYkhWbElqb2lOelZHYlhOblR6ZFNXbXhwY3pGdWNFZEJVM1UxVTA5YVlrd3ZkMlJJYzBnMVVIRlZWSEZFTUdOSGRYbHhWR2RPUjJrdmEwNVdja05QV0RkcllVRXZOa05pV1hoa1pHWmxVa1JUYkd0WU5HMXNkVWM1VlU1R1VGQjNaRlF6Um5Fd1VFa3pNbnBFWVZOck1sSXpNREExY1VWSVJWUkhaa0ZTUWpRNFZYWXlPREEyTDNwVkx6RmFTa2swUjBWWFUzVk9VSFp6UW1zME16WlVhbTkxYzA4MGVWcGxOalF4V2psRU1EUnpkUzl2V1dWTFZXOUZRVUkwU1ZseWVrdHVjaTlRV2pSWWVVaG5aazV4SzNsTldVMDJZMFYxWlhac2RrVmhTV2x4YjBWU1pGRjROM0F6TXpGQlUyMVZWRU5JTms1NVRsSkxWa2s0TVhaWFpWSXpiVk4wUXlJc0ltMWhZeUk2SWpWaE1UQm1ZMk0wTVRjMlpqUmtORFZpTWprMVlXUmlaall4WVdNME1URmtaalpoTlROa05qUXpOREkwTmpFMk16UXlaV0ppT0RBNE1tWTNNRGt6TlRRaUxDSjBZV2NpT2lJaWZRPT0=', 1752029184),
('eB46LyXnH2pABJxhJtgHslAFqdqg7VPUz8wKGrua', NULL, '108.162.245.164', 'SentryUptimeBot/1.0 (+http://docs.sentry.io/product/alerts/uptime-monitoring/)', 'ZXlKcGRpSTZJbWhzU1hJNE1VOUNPRkEyYm1nMFpqSkdiRk5UYTBFOVBTSXNJblpoYkhWbElqb2lORU13WjNrMU9TOUZVRGhRYVhJNGVUQlNVVXRFUmtoU04xZ3djSEpqVERkSWVIQmxUM0ZXYURSSldqQk9hRlJVVVVOR1psWTRURFZ2ZDJObk0yMUdhRE5oY2pnd05GZHpVRE5HUWt0d1RGaG9NMGh2UzBoS0sxVnRMMUpsZFZFNGQxb3lUVFJVS3paWVFtRnJkVVp6ZEhCVWVtOUlTRmd6TTA5aVkwdFFUekV2V1V3clYzbFNVamRJTWt3MGVXSlVVa1o0WTJkcVkxTjVPREpTU0V0bkswbHRaRTlQTkZsNVRWTXJNVlpDU0hCRlEzZENkR1ZtZUZkd1NtMTZRbEZwVkhGaU1WaEZRVmRzZDNSMk9XdExlVTloU1ZKRmQzZFdNMnRYYTBjclRtOUZWVlpYVm5KemNUbHRRa1F4TWxKdlpYSmlaa2RPU2xrNVZteEZXV000S3lJc0ltMWhZeUk2SWpFeU1tUm1NMkV4TVRnMFpUUmtPRFJqTWpSaVl6ZzVObU0zWlRoaVlqTmlNelZoWldGa01XWXpZelV6TXpFd09XUmlOemN4TURRd01UZzFZV1JoWkRjaUxDSjBZV2NpT2lJaWZRPT0=', 1752023544),
('FJbQCPNKtNLAJMdIoUahZ8z0cFZuxzgjyGvY7lVO', NULL, '172.68.22.113', 'SentryUptimeBot/1.0 (+http://docs.sentry.io/product/alerts/uptime-monitoring/)', 'ZXlKcGRpSTZJbFJvTUV4UFNsTnlNaXRVTVRGUGNXSmxXalUwVm5jOVBTSXNJblpoYkhWbElqb2ljV3h3VGxScmEyRXpaWGhPYVdKUVRHTXJXakJIVjFRM2NrZFhlVUpSUzJSSk1sZERjVll4ZVhGRldIcDJSSHB1TTFKb2FsTTJiSG96Y0UxNFJVZEdTV05EVmsxSmFEWXpWVGMxVVROb1J6aFpZM1UzV1VsUk1ucFlaMHh1VEdKUU16WlRXRzlsYm10dVQxQTRNMmR5ZUhoMVZtNDFlRFp5U25obmFuRnJZMUZhZVhSamJ6SmtTRk0wTDJ3NFEyNDJVM2h0ZFVZM2FVNWxOVmhvVWtKM2FXTjBLemhOWlZSUlpHaHlkMHhYWTFWWFEzaG5RVFZHVnpoWlQyZ3hRM041TjFBeWRYaFpVMVZMT0ZKUE9XWmxNVEZsTTNoTFluUmtNMjh4V0dvdmRqaE1NM1F6WXl0QlkyYzRRblJKUnpCQk5rTlZaek5RVUhaNk5sbDNSMmxNWXlJc0ltMWhZeUk2SWpNMVptRXpPR1JoTURoa016TXhaVGt5TW1NNE1tSmxaREJtTTJGbVpXRXlPV0UxTTJZMk9XVXpNR1E0WXpnNU5qaG1ORGs1Tmpnek16WTJOR013T0RZaUxDSjBZV2NpT2lJaWZRPT0=', 1752023724),
('FrPWgCaYh3vrD2KtD7znznn5EafUvRNXmo1hO8Se', NULL, '172.68.15.209', 'SentryUptimeBot/1.0 (+http://docs.sentry.io/product/alerts/uptime-monitoring/)', 'ZXlKcGRpSTZJa294YVhoWk1pOUxjWEptVVZoaGRtTk9XRTVvVFdjOVBTSXNJblpoYkhWbElqb2lSVlJHZFVReVdpOURkRUZIWVhCUk4zUjBZMnhMTldaM2RYRjROelJCZFhkM2EyeFhRMEprWkdvMU1uQm9RV1JUZGs5NGMwTkdNV2RoUm5CdWNuVnJkRWRPUlc1UFN6UllhMFZCTVcxMFEwSjRTRUp4Y0doNGRtcE5iWEIxYXpOUFVVRnNVM1JVU1dGeWVrSlFVbXg1TkdONVp6WjJZWFZJVEdwNlNYbFZRVzByVlZWNk0yaHpZVXhtWjIxSlYwSnBSRWRaZEZsSE5qQkNhVEl5UmpNcmJubE5kMVV5VGtWSVJITjVaSGQ2Yld0VFlWUldNM1pqVVVWaGQzTlhVbXhpVjJSaVRqTjBWV0p1ZUZSQ2VFOUhSR2RxVkd3MGJVaGFRV05ZUVhwNFdGaGpkV1ZwTkVWd2JHSTRjaTkxYVdKelNIUjFkRWhXY3paa2NqVlNWbGMzTmlJc0ltMWhZeUk2SW1ZMk5tUmpOVGMxWlRnNE1EaGxORGMzTWpaak1UUXdNRFV4TlRreFlUUTFPR1ZrWkRrMU5UaGtZVEV6TXprNE9EaGxZMk5pTkRZM1pURmtZekV5TVRJaUxDSjBZV2NpT2lJaWZRPT0=', 1752025644),
('GRjCqmwQgooWflkHDoHDDUsHRvf5tANjfyyn1ewt', NULL, '162.158.41.63', 'SentryUptimeBot/1.0 (+http://docs.sentry.io/product/alerts/uptime-monitoring/)', 'ZXlKcGRpSTZJa2xyTjJwaVZqazJaVk5VTWpWV05GVkdRMXAwZUVFOVBTSXNJblpoYkhWbElqb2lUR3hGYUhCSmEwdGhVVzVVWjI5SGVUSklUSGcyUkdoek1sRXdVbU51VjFkVUwwaDJXbmRKZVdwSEt6bFBTbXhHYkNzMVpreFJNV3BKY0hjd2QwWTBlVlpaTW14SGJFMXFRbTV4YldkS05IZzVWaXRvYzBSTWRXTXlVREIzVjFRd1RGZExRVlJUUzFVd1Z6WmFhbVpzUWs1S01WaGFjR0ZwTlRCblJHOVlaSFpyY1RKMVFsbGhkMHRRTVcxaVYxaHVWRzB3YlVrMFVrRlpZVmN4TUZOSWFucHlVa3hWV0dWTVVHWmtSbWxrVFc1WmFrMWlTWFo0VWxGVFFXbG1iMVJwWTNsNGNWZFlOVTluYzJWdGNuVkxTVFZZTkdjMEsyZExaR1JQUW10aFZFZEJRakZsVmtGbGFWbEtlbWxZT0VSbFVucDZiVFJ0V1VjNFZIZGtiVk5ZZENJc0ltMWhZeUk2SW1NME5HSmhOREV4TnpBNFpqRXpOVEExTlRCa00yUmhZalk1TkRCa09HVTBaVFF4Tm1VM05qVXpNelE0TnpObE5UazFZamhqWkRGalkyVTNOMkl3WVRnaUxDSjBZV2NpT2lJaWZRPT0=', 1752029484),
('GTZkPHnBTHfsliHCBjedgRb7ZdkdGJn5XrSdcppw', NULL, '172.71.223.60', 'SentryUptimeBot/1.0 (+http://docs.sentry.io/product/alerts/uptime-monitoring/)', 'ZXlKcGRpSTZJbEZyYkdWRmNubEJSM0ZCSzFwaU1tSXdiRGxWTkVFOVBTSXNJblpoYkhWbElqb2laVlpEZVhGd2Jrb3lTVk5yUkVnemRYSkZkbXhwU1VkREsyMU5RakZWV0RKUk5taEpaM0Z4YkV0U1RVTlRRWGx0Y0VsS1dGWnRSbTl6SzB0dlZqTXJSRlZIWmxST2VIRTBXSGRTVmsxQlFVeERXR3RzYnpCd1pHOXhiSEZLUldoYVFqSlRabkY2ZDFOd05YZHpWalJrYkd0V1REbFViVkJOUkRkQk5HeHJZWGM0Wm5odlNVVXpkMUZGU1dselVWbzNUbUo0ZVRoNmQyMHJWWHBhTDFsc1NtcDZTRlpPWmpGSmRUTkNUelU1UzNOc0sxcFJlV1J4UjNSV1VsaGxiM2hwVjFCM2R6WjFTalZrSzBjck1XMVZlVFJNTm1OTlFXbEdibmhzWlUxd1pVUlpXSEpOWjNGMlowMWhVMWRCTUU5VU4wRjZVMkZCZVRSWVVWWTJUVUVyUWlJc0ltMWhZeUk2SWpabFpqRmxaV0V6WVRsbVpqSm1aV1ExWmpWaU9ERTVaR0ZtTURRMU1ETXdObUUzTTJNeFpXTTRNVE16WmpVd05qWTVPRGhpTVRObE4yWTBaREZqT1RNaUxDSjBZV2NpT2lJaWZRPT0=', 1752026544),
('h04gefnzZUOEcf28qHatX1UCm6Vx4Az3TxCqeNMX', NULL, '172.70.134.148', 'SentryUptimeBot/1.0 (+http://docs.sentry.io/product/alerts/uptime-monitoring/)', 'ZXlKcGRpSTZJbVpPWm1oeGJFMXdNV3RCZUU5RlEwWnlkVWRJTDBFOVBTSXNJblpoYkhWbElqb2lhVzFvVVRSbU0ydzBhWGxYUTJoV2EwWnJVM2cyYXpsUmFIYzNUV1pvVjNSMmRIVjJhelFyTjFkT2JHMXNNVTV0V25jdmFtMDFURnBDTlVSMmJUTjZUbVUzYWtsRGEzSkRWRWxGZVhSUmQzRkRNa2hJWjNkU1RHZ3JXak5QWm1sVk9XZDJSRUZsZWpFeGVUaG1PVGxtVmpkWFVqaG5OMkpUWWxWdU1VcHFjMnBDUmpaMlR6QndiV2hNUmtSRE0yWkxSVWxKYlhSelJpOUZWVUZvZEdKMFNtSTRNakZKYjNWWmFFTm9jVEUwTDJVM1VYWlFUVGhqYkc5YVUyOTBLM1kxU1VRM04yWTNXbWxsT1VRM2JuSlNha3BaYlhsdmEwVXlhSGx6T0VWWGVFMU5abXhQYmtKR1JXSjZXR2RMVGxOcGRWSm5iQ3RUVUVzMGJXaHNlRVIzT0NJc0ltMWhZeUk2SW1NNVpEaGxPVGMzWVdJMk9XSmtObUl4WVRnM1lqZzJNRFV6WVRZek16Z3dZekpsTkdRMFltTmlZelUxWXpBM04yRTNOVEkzWTJJMVpUY3pNVGM0WVRJaUxDSjBZV2NpT2lJaWZRPT0=', 1752025824),
('H8nHtXSMyCd8q8v3WNRg3q1FjF3gycTn0CzmbyoE', NULL, '104.23.211.65', 'SentryUptimeBot/1.0 (+http://docs.sentry.io/product/alerts/uptime-monitoring/)', 'ZXlKcGRpSTZJbEkzYW5rMlFrNURjbEZZV0ZwMllVUTJPRVJQYVVFOVBTSXNJblpoYkhWbElqb2lkVTVyTWxwamNURlpVM2swTjJ4MVNrWmlXRzVIVDNCQk5qVmFRVThyTjJWRFl6ZEtObXA2V25kUU9FbHBlVU5WTVVRclYzWlJkMG80UzFkSVNqVXlaeTlQUlVSWUswNXpNR2RWV1hacmVESm5NVFpEUWxOR1ZVcEVNbGhwWmtRMmMzQTNWeTgxTjBSSFExbFlXVGxTYVRkSVREbHpRVnAwYlM5RU4yNTFNR0p2WTFaNlZtVnhPWEJhU25kV1ozWlhjSEF2VlVVeFUxUkVWR2MwUmpnNFpGUk5lU3RUZW04MmVtUjBUblE1YlhoMlRVRkZiRXMxVTFBclEwMDVXRk13UTFOR1l5ODFWVU0xVGpseGJsazBVRFE0TVZOR1NXNXlValZxVjNWQ016aElkMmg0WVhCR2REUlZZWGd2VWpoaVRVWlFaVzFMTWtoakwzWmpNbVZNTmlJc0ltMWhZeUk2SW1KbFkyTXpNRFJsWkRKaU9HSmlNalkxWmpNellUazFZekV5WXpFNU5qWTJOREUxTkdKbE9USXhNVEU0TmpSa1ptTmhaalptTUdRNU9EUm1PV1l6TkRFaUxDSjBZV2NpT2lJaWZRPT0=', 1752023664),
('hC2TjpEiMmX8oR02iDllyKNoVHfwS4UCCvj1Dw0Y', NULL, '172.68.138.158', 'SentryUptimeBot/1.0 (+http://docs.sentry.io/product/alerts/uptime-monitoring/)', 'ZXlKcGRpSTZJbEZ1UVVsR2FXWjFOR1ZtUTA5cFpqUlZZWHBWVDFFOVBTSXNJblpoYkhWbElqb2lObmhTTW5sU00wTktNMVJrY3pWTkszWkRia3RyUjFwaWFEUlNkSEJtZW5oT1lXOVFibGMxU2s1ckwzaGlLMnR3VkZSTWVUTm1Ua2swWVRsYWMxWm9WRXMxVVhKdk1TdEpURVZvVm5ZME1sQTRVMmhrVUdSNlZGcHRTVWw0UW5JMmJXdFNORWMzUmt0b1MzbHBSekJ0YUhSS01ETlNZbUZFY2pCa2QycDZiRFpXZVZvMkwzRkhlR1JoWW5rclZFSTJNemR0ZG5CdVdWTkhTMnR4VkdSVFJXTnRSREp5UVRKbVlVWmlUbFV2YkZZM2VVUmtRMVpFWWpSa01sSnpRV2w2WjBKeGQwZHFXa1U1V2pjMFZYRjZMM0pJVlZSTWNFOWxkbWxzUTFaWllsTkNObVJETmpCUk1FRlFWRGs1VEVwbVpDdGxZbGhXYkdkUVZVSXhXalpDS3lJc0ltMWhZeUk2SWpVMVpHVTRZVEJsTVROaE9XRmtNemxsTmpsaU1XUmlZemMzTUdZd1pqSm1NVGcxTURjMk9XRm1aR0prTlRZMk9UZ3hNVGt6WkRGbFlUWXpNbVJqTkdZaUxDSjBZV2NpT2lJaWZRPT0=', 1752023244),
('HmLjuNeITPhBzcIbKuysnb6I6U1ugKlEZQfwiwan', NULL, '172.68.22.113', 'SentryUptimeBot/1.0 (+http://docs.sentry.io/product/alerts/uptime-monitoring/)', 'ZXlKcGRpSTZJa2gzZG5kdFZtTnVRbkIwZVdGYVNIazBOV3h0YkhjOVBTSXNJblpoYkhWbElqb2lZV0Z0VmxsSVl6TnRWV2d4V0c1RU1tb3dURk5KWm5KTFFrcEVMMUJsTW5oRkwySTFOa2h3Ym1wNWMxQnpjRFpoZFdOdGVVUnlPV1JuZHpsWWN6QnZaakZhVjBKTFdXZFNibFYxZUdKcGFrSTRVV2swYW5CR1NrUnNkMmRNUW0xUGFqbFVZVFZ4Y1UxNksxUnZORlJwZGxGYVYzSjBZMGhHVFVobk9XdE1aR3hJVjBOWWRTdDZMMXBCU0VkUVMwUnVka2czZHpoRWVUWktTa3BJY0hkTlpXUjVNM0ZqVmpOb2FVTm1NVlZ0TUZSVk9VdFBlazFDZERaRU5XbHRjRlJsWm1ONk1rZGxhVGhsTkdKWWVYbHJZM2xLVUVVdmQyZ3llRk56WkVWS1JHZDRVR3RSUkVGamJVMVRUelZYUWtKTVdtVnhXSFZsY1VwT2JGQlNaekUwU3lJc0ltMWhZeUk2SWpKbU1URXdORGcyTlRjeU5UZzBZVGsyTnpFM016TTFPV014WXpJd01ERXhZelk0TnpJeE56aG1PVFJtTUdaak9ETXhNMkppWXprM1pUY3dOMkZtWWpraUxDSjBZV2NpT2lJaWZRPT0=', 1752025344),
('IhYaT2y3xCrO75FEDLZt5QPLrQRpfw3pWqGoVlf0', NULL, '162.158.42.33', 'SentryUptimeBot/1.0 (+http://docs.sentry.io/product/alerts/uptime-monitoring/)', 'ZXlKcGRpSTZJa0ZoVEZveE4xZFpkVm8wVXpBeFVsVjVZbGxzU1djOVBTSXNJblpoYkhWbElqb2ljV1k1VVVSNmFIUkJaMHRCVlhSc1prVllMMGR3Wm5scVlrVkxlVlpNUTBGMGR6QTRXblJZVTBONVZIZDBTVVpIWkZOblZrZzFiR0k0TUVGeU5WRnlNMmhWTUhCVWFteHFiM05IZEU5SVowSnRVREZIVDFOSFkwSTRhakprU25OVlZrVnVZbkpwWlZScVJUVmhhM3BZZUV4elZFOXZhVE5GYURGeFRIa3JaVXhNYVROdWVqUjFXRU5aVjI1ME1GTmpjM0pKY1ZaV2VtUkxXRk5rUzI5c1JEQmhkV040VEhBM09XaGpiR0ZCTjIxdFQzWmxPSGxXVW1KeE1sbHNObmRzZGpac1drVkVWSEl2VjBrMk16VnJlbTl1U0ZOUVJFVk5WSGRyTUVSdFF6RmFVV2hMVkhka1FVWTRZazlvTUVkeUszQXlWU3RJTDJkVU5rTTJRMmwxZHlJc0ltMWhZeUk2SWpNME4yVTFPREk1TnpVelpXTTFOMlJsTW1VNE1tUXlPV1l4WXprMlpqUTJPRFl6T1RnM1pEWXlOVE13TVdOak5EQmhaVE5rTkdOak5USXhOekJtTmpBaUxDSjBZV2NpT2lJaWZRPT0=', 1752029664),
('iszsmuPU34HY7kpOC7OtDlePTfAOiQFLdIHPfQ3O', NULL, '172.68.245.79', 'SentryUptimeBot/1.0 (+http://docs.sentry.io/product/alerts/uptime-monitoring/)', 'ZXlKcGRpSTZJbTVUTWt4TWRpdHNjM1ZYT1VSSU16WTJja1JrYjFFOVBTSXNJblpoYkhWbElqb2liM1pNYURKTU5VdEtaRU5VZUhCRFdXSlRhVE42ZWpRd1Qxa3hTa05VY21kQlRIQnJiSEJyWmpoM05FZzVja1kzV21aV1F6aHFWSFJPYTFGa2MwVXJVRVJSY2lzMVYxVndkbVJOU0hwWVNscFZaaXRYVUhWUFVqZElMM2hGV1dab1oweFJaREEwWVVSR1FqZGlOMmxFTDB4eFdrUnlPVWgzZW1kYVlsaHphVkExVDNSaVpETkdUMVJPY1dGRmFWTm9iM0ozVEU1MlRGUlJSbTlNWjFGRFR6Um1hRU5yZUdwME5WaDBiR0ZuZGpVMmJGSmFlbVZQT1U4NGRERTVUbFJtVjJrelVERTViSG8xWW1aaFIwMW5XbHAxTHpoVGNqazRjSFZFUkc1V1NXVndXVWxFWld4TVJUSndhRTlJTkZFNVlscGlUMGgwWmtKUFFtaEpObGw2TkNJc0ltMWhZeUk2SWpNeFltTm1NRGxtTlROaU9UZGxOV0kyTnpoalpUbGlaakJsWTJReE1ESmpObU15TVRoa056Sm1NRE00WldNMU16RTJNbVV3TVdGbU0yUm1ZekU0WkRZaUxDSjBZV2NpT2lJaWZRPT0=', 1752022944),
('IuEV1JHYOnS1YijkBTp02zM4KH4GlkDkteCXtLmP', NULL, '172.70.42.88', 'SentryUptimeBot/1.0 (+http://docs.sentry.io/product/alerts/uptime-monitoring/)', 'ZXlKcGRpSTZJazl3VVZaQk5FNUNaSE5oVHpCbFpqTnhOSFkyYVZFOVBTSXNJblpoYkhWbElqb2lXRFJIYjNkb1NIRmljbXhNWTFkbFpra3dWRVoyU2pSWlRUaFNMMDkwTkdSRlpVRlJiVXhPVVdNeVFrbHRkQ3RLWVVkalMyMWtXRXM0VTAxYWVFSnNZek5KUTFGSlEzVXdUVlZKVGtnNU9HOVZSRWQyUVZkRlltMXNjMnBHV1haUGNtcDZTWEZ0YVU1V2FVVlZSRzl1U3pkUlIwcHdTbUVyZW5SUGNIUkNjVEU0TjB0WU9UY3daMUV5TldsdWMxUkpNaTlVY0hsUGJuQkVXbFZFZFN0WWVHdHVaVWswTW1sWFJqbEllbkFyVDJwNE9UUXdaSGMxY0dkNWVHeDJkbUpWTXk4MksyVnlRU3RCYldOek5UaGFSemxRWjBoRU0zSk9UWEZoYlhGV2VFVklWRVZzYkVGMmFteDFObEpoTTNZNUsyRk5VMk4zWmxGa1ZXUnlRakJ2VmlJc0ltMWhZeUk2SWpneE5EWmlaRE5tWWpsaE1qSm1ZMkZsT0dFM1pqTm1abVV6WmpKaU1tSTRNbVk1TlRneU9ESm1Nak14WkRKbE4yRXhZMk14TUdNNU0ySXpaalUzTVdRaUxDSjBZV2NpT2lJaWZRPT0=', 1752022584),
('IWzXXrcjYsmw6RgKHGCyQ4ULCSSgdZyhktyDDrLa', NULL, '172.71.151.59', 'SentryUptimeBot/1.0 (+http://docs.sentry.io/product/alerts/uptime-monitoring/)', 'ZXlKcGRpSTZJazFpVXpOWmFtdGxlR1JxUm1weFNISnRZakkwYkdjOVBTSXNJblpoYkhWbElqb2lSVWxwTXk5c2NqWnNVbmxVYzNZNVpHVnlSeXRrYTJGb1lUZFRUREpaWTFCNFpYQnlXRE0xY1VsNGNHNDVRVzUzUjAwcmExbzRXRGxSZW5WNVpVVTFhbFYxSzJsaVptVkJRek5LY3pSTldrUXZOSG8wUkVaNlFXWktlVmRGZWpaUlNqTnFZMWxWT0V3MlVGZGpUVUpFWkhoTWNFVnlZMWhoYjJ4VmVXNU5kM2wwVjNKNGJtbE5LekZ2YlhSSmFsUXhOVVZ4YjFWSU1HWllTRFZrVEhaRFpXTTVka2hHY2tSTFExUm5OVzVoVFhSeGRIWXpLekJ2ZWxsRmMwZDJiRlk0UkV4RU5sQjNWSGMyWTBrMFUzTjBZMjA0YkU5c1RIVkRUazAxUTFoTWIxSm9TMlVyVEhWbVpXOVZXV00wVkRoemJXNVlXV3BLY0U1NldFdHphbFI0Y3lJc0ltMWhZeUk2SW1NM1lXTTFOamMzTlRJek1UZzRNekEyTTJNeU56bGxOR1ZoTmpNNE1qYzFaRFF3TVRBeFpEQXhaVEl6WXpZd09EQmtNMll3WW1Wak5XSTJOVGcxTVdNaUxDSjBZV2NpT2lJaWZRPT0=', 1752024624),
('IXmwwCmEMYPfGB6hVCR3hYB4TmMv9NUpoPixkOQG', NULL, '172.68.138.200', 'SentryUptimeBot/1.0 (+http://docs.sentry.io/product/alerts/uptime-monitoring/)', 'ZXlKcGRpSTZJbVEwZW5Sd1UybHRUVGM1VDBwWE1HcHlTVGRSTDJjOVBTSXNJblpoYkhWbElqb2lNbFZPSzB4MFJUaDFaRWRvWkVwVmQwaHlWSEJTWm5oSGFVVnBSR3Q1VmtNNWJqTjZTVUZ0V2twa1ZpOXpjekpJU0dSc1kyMURSVzB5VnpWek5FSlRTRFV3ZURCcmRGcFZVMGxVYTNsaVREaHdVRXhzY0hSd1ZXUnlSMFZ6YTBseVNFRjJVVWxJVUhsQk1VVjVTV2x4Y1hsME9GQlRiWEpXVlRocE4ySjBORGMzY0ZwU1lsZEdNMHNyVG1oc1MzTmxObVIwVFc0d1JGbzFaRmxEWnpSNE1VaDVOemhJYVhkR2FFVTFOMmxNZG5sRVUycGxaR3RCTVcweFdHRjROV2x6VVc1UVJUQmFObE5oUjJNMFZsRlFXRFpFU1N0T01XTkpSakJ6YzI5UE1tdEpiSE5RVGxCNU9YcDNWbUp5ZGl0SVoyNU1jMVo2VVRWVlVEUmFiRVJGWkNJc0ltMWhZeUk2SWpSbFltTXdOalk0WXpJMVpETmxZakk0T1RGaVptVXpZekV4T0dGaVptWXpNREUzWTJSak9HVm1aVFprWkROa05UVXhOREF6TkdRM09ERmpaRE0xTVdZaUxDSjBZV2NpT2lJaWZRPT0=', 1752029364),
('J9NUEh8mQbOxds88nZsa6TOzORgj0Ws7n4oFaJ1F', NULL, '162.158.42.12', 'SentryUptimeBot/1.0 (+http://docs.sentry.io/product/alerts/uptime-monitoring/)', 'ZXlKcGRpSTZJbVI1TTNKUWFDOHpaRFl4T1M5U2FYbG1Xa0Z6ZVdjOVBTSXNJblpoYkhWbElqb2ljWGg1ZUhCSU5ETldVQ3MyYm5GSGVFcEtPRVk1ZWtSMFRqQjViekJsTTBoVVNuQTRkVE00V0c1RFpEUnNjV3MyT0ZWdWJWcGtNVlE1V2xGYVdtTldNMU5xVFhKRVlYRnNiSEZ3VGtSd2JVbEVhM1J6TjA5clpXbFlWMEZsV2pWR1ZFOXRaRlUxYm1Zd1lrSkxVR0U0U0VORFZrSmtZVXN5YWxwSVQzWjRSSE0zYW1aTGNuZENLeXRsTjBsclkzUlZaM2xUWjBkcFNGVlVWWFJsZEcxd1RFY3JTU3RSYzFabldWTXdXbVptUjA1Wk1rNXljakV3WTBONmRsTlBaRE4xU1dOM1ZuWlRWVXM0YjJ0UGMwRjVVbGhPTjJsRVdWQkhkbVExVUZBeVNYTnpaWGRqUzBKTlUycGhUbGxaUkZSVWF6Vmpka2t6VldrelQxUmhZMGhqYUNJc0ltMWhZeUk2SWpsaVptSmtOVFl4WWpaak5HUm1NakpsTnpWaU16WXhOekF4TVRNNU0yTTROelk1TUdaa05HSmpOREUxWTJSak5URmpaV0ptTW1SaFptRmhZVEJpTkdJaUxDSjBZV2NpT2lJaWZRPT0=', 1752027324),
('JheUiiqmCwZuFda5MU77BQtf7vgjPxk8C6nKJ32q', NULL, '162.158.42.184', 'SentryUptimeBot/1.0 (+http://docs.sentry.io/product/alerts/uptime-monitoring/)', 'ZXlKcGRpSTZJbHA1VlV0U09VVXpiMWRTVlZGSlNsRlRhV2xQUlVFOVBTSXNJblpoYkhWbElqb2lWbFZaU2l0bE5VRXljVFJLUkdoTGNuZHJiWFZpUVVobVVESnRUMnBFY1RBM09GQnpNRXRKUld3ellXZEZOWGRPUm1WTE4yMHpZblZNVEZWSFIzUlBZbkZSVjFKVVdIWnVWSEpHYkVGemJWTjZVMk0yV1ZGTVJETmpabUpHWTNKTE9FaGpiVEl6ZWl0emVuTmxlRFowUzI5NU5XczFZMHByZVVoYWEyc3JSblZ5YUVGaFprcGlNVk5pVVVRNVdEQnpWRzB2ZG5ReGJHbFZORGxzYmpablZXeEplV1JSUTBONFlXcDBWWEE0UVdaamJUa3ZObWc1Y0ZsSGR6aHZlVFJZZFM5MFFXWjJSVGcxU2pOSFNUZFBOMHMwZDFCYWMwSm9WRlJOTkhGeWRFZENURnBuUkhOdVNHRjJXbEpaT1ZJMVVHWlhOV3h1U1ZCSVNXdG5XR2hMTVNJc0ltMWhZeUk2SWpSa1ptRmhOREF4TkRVMFlqQmxNekZrTWpVNFpXVmpOekJoTlRobFpHSmhNVGRtWTJFeU5XUTFORFk1TkdGbU1tSTNObVl4T0dKaVptVTNNakprTlRNaUxDSjBZV2NpT2lJaWZRPT0=', 1752028404),
('JKRz0FBTcb8ERuKaabyPstrIE0HmUSWeemvJvVPn', NULL, '104.23.209.166', 'SentryUptimeBot/1.0 (+http://docs.sentry.io/product/alerts/uptime-monitoring/)', 'ZXlKcGRpSTZJbU5UVVZGU09FSTVjVTFJY2xOcFdVUTNTekUyTWtFOVBTSXNJblpoYkhWbElqb2lLMWxIUTJ0VVVqUlJlVGRsVDJKNVlqVTFkamc0V0RVMGNFTkRlbEpxYzNCcFJGVjZPRlY0VkVaaVlUTk5hRlpZWkdkU09YWnpWa1p0U1RKdmIyNUZSVVJZVVdZd01FdzNiRGhtWjB4VGVuZDRhalp6VjJ0V1REazJSRzV3V0M5cU1XTlZSVGMxTkdwM1ZuaFZZekpRUlRsQlpsZDRlRkpVWm05aFNUTlJTR2x4TUcxUVdEVjRjbUpvUjJ4R1NTOUVSRWRDTlRSeFJWQmlVVlF4ZVZwV2NHZFNOM1V6ZFVwSFNYQlBSM1pwVVc5d0swcFRNMGhKUVVKVWRtMVVkR2xhYm1sdFVUUkpSRTVpWmtoYVZVMTBlRXRHUVZoTVIxQmxSbE5uYlRsVVVXbGpVWHBvVlZCNlptMUxVbVV5U0haRmFpdFhZMU5MZGxkMWQzWnRSbkpVT1NJc0ltMWhZeUk2SWpNM05HVmhOamd4T0RGaE5HSXdPR1pqWVdJMk1tWXdZbVppWm1VMlpHRXlaV0UyTWpsaE4yTXdaRGczTm1NNVpEQXhPRGM1TTJabE56WmxOamRpWTJFaUxDSjBZV2NpT2lJaWZRPT0=', 1752028464),
('jo6KP1d3WbzX1wRIBQurtNzIxtPgPV4o0psURUpM', NULL, '172.71.150.31', 'SentryUptimeBot/1.0 (+http://docs.sentry.io/product/alerts/uptime-monitoring/)', 'ZXlKcGRpSTZJbko0V21oU1MwOXdLM3B1ZGxGV2JuaFRhR1oxTlhjOVBTSXNJblpoYkhWbElqb2lhV3RHWVdGTWRrUlliVmRNZVV4SGNITTFWMVJqVjJkbWQwMDRialJMTUUxQ01tZGtRblJwY0VwSU1FaHFOVk5FVjJreVZrZHRjRnA0U21scGRucFROVGhNU3pWeFFVSlBTak4wWVZwNE0zVnljWGhxVFdoalNFbHBSekJQYkhJM2NsVXlWMmMxYWpaeU9FUTFUVVU0V2pScU5HbFBTMkZFTjB4NFZGZGlWRXRSZERkdE16WnpWa1pVVXpnM01teGpkVkpvZVc5d1NIcFVOMFpOU1ZjM2VtcE9ZVEV5YzA1bWJVOWxZM2xXVTFoYWNHRkRLM2t6U0dWUGExQnNjMkk0UkhsMlFpdEhVSFpPVmxkNWVXcFlkbE5IUkZWNFNVcERiMEZaTm5BMmF6RkNVMGhaTUdKa04wbHNMelkxYjBWRldGWTVWV3hqYnpJemJGSnRWbEpQZVNJc0ltMWhZeUk2SWpsa1pERmhNbVF3WlRZeU16UmlZV1poWmpjMU56YzNNV0kxTldRNE1XWTBPR000TmpZek1qWm1OVEZoTlRJeVpHSTJOV1ZtTURSa09XUmxPVEJoWldRaUxDSjBZV2NpT2lJaWZRPT0=', 1752024084),
('JVZvfMHrPBaQAnfozKzLECsFd1MO171micB7HeBj', NULL, '104.23.213.107', 'SentryUptimeBot/1.0 (+http://docs.sentry.io/product/alerts/uptime-monitoring/)', 'ZXlKcGRpSTZJbkF3ZHpWRU5UZFJjVlE0VjI5Nk5qazBVekJTTmxFOVBTSXNJblpoYkhWbElqb2llR0ZMY210c2JGTTRWVTB3UnpGc09FOVZSamhPWnpsWlNFcFVabVZKU2l0MmRFTTJjSHBFTDJwaWN6TmxPVGs1Y25GTmNYRjNXV2g2TTJwak0zaFFkWFYyT1VOR1YyUjNUMjFWYUZwTVRtTnBORlZqYVRaMU5pODBkRkZPUXpKb2FYWkNjeTl0SzNsdFJYaHVOV3RyYzBGYVMzUmhUakkzVFhwUFExZFVWWGRLWW14TFYyb3dTR2RwUkdFM0wxZFljVU5WVHpSNGVIQnpkSFUzTW1zM09Ya3hkMXBhZEZWSk5tcDJRWGd2UjI5RFpVSnFkM1JSUjFBNWVqTXZWazVMY2pSUk1rbFVhWFkyZHpKUVZrdHdiM1pZZEdKT09WUkpjRWRxU25sSFEybHdSREpHVDNvMU9ESk9OMFFyV0hkbGVXNDVaMUptYjNoaE1uRXpXbVJ5TkNJc0ltMWhZeUk2SWpnNVpqY3dPVEpoWlRjM1ptUTJabVF3TUROak56bGtOalV4WkdNek1EY3lZalU0T1dNelpUQXpaR1F3WWpVMlpUUXpORGd4WVRZNE5HTmxORFJoWm1JaUxDSjBZV2NpT2lJaWZRPT0=', 1752029724),
('lHL7zf84JgLCznkkJCe7jbvhNIY7k4nBL5OExnBW', NULL, '172.70.134.66', 'SentryUptimeBot/1.0 (+http://docs.sentry.io/product/alerts/uptime-monitoring/)', 'ZXlKcGRpSTZJbEZqT0drMlVtRkxXaTk0UVdreFdFNXJialJYUVVFOVBTSXNJblpoYkhWbElqb2lVV1phTjBwcVFXbDJRVzlyTjJ0YVN6aHhTa3hDT0Rsd0t5OHhXa28xVWpRcmFYSm5ObEJNTmtwT2IxRXlhSGxLTlVSSmJYZGpXRVJvV1dkcVFVcExVbk5oZUdwRk4wUjRjbUp1U1ZsSGIxVm9OU3Q1ZVhobmJVMUhXV0k1TW1aeFpHOWlWbG80YWtwcWQxbDVjek5rUlVSdGJIZE5LMnRLVGk4MUszZHdXVkpyTVRGUE9FVnZUMWg2TlRONkszcDJhVmh4YW1ORFpFVkViR3hSZEU0eGNYVmxOWHBRWlZsVU5GbFpUa3B6WkVGdGExZEtNMFpQZVU0M2VtdFZOeTl6UnpGaWFuQllNMEpETVZoWGFtUlNhVzFxYmpaMFRXOVNSME41UlUxRVIycGxkVFpNTjFWRGJsWkRhbFYzVW5SQ1ZtNWpNaXR2UmtsQ1RXcE1aM280VnlJc0ltMWhZeUk2SWpObVpXVmhOV016TkRRek9UVmxObUV6TnpBd1pEVTNPRFV3TkdWbE56STJNVGN6WkRnNVlURTJNVEV6WmpObE9XTTFZbUUxT1RFd1pqZzFOR1EzWmpBaUxDSjBZV2NpT2lJaWZRPT0=', 1752028524),
('lOVTco7lssFwOtYXTJhM2p4e1wJSl2RenNvkZO4B', NULL, '104.23.209.99', 'SentryUptimeBot/1.0 (+http://docs.sentry.io/product/alerts/uptime-monitoring/)', 'ZXlKcGRpSTZJblpYVjNwbFlrTnNaSGs0YzBVMWFIWnJhR3d2ZEZFOVBTSXNJblpoYkhWbElqb2lVblkwU0VKVFZuTldNUzlXTWtaWFl6QnJjMDlzYm5WUE1HRkNVbVE0UkRGb09HVjBVbmRvT0hRclVEbHdZM0VyVm1GTlYySktRMnhaTkhZM1RFNUJUbk51WldWRk9YVTRWR1U1Vm1GTGNrZEJZV1ZRYzNwWFVGZDBSMW93WW05Q1RrZDZOVzg0YUdGWVpqWnBURVpGYzNnd09YSm5RblptTTJNM1QyRmxja3RwT0RoNFkxUm9iRkpUUjJoalZXc3dUV3RWZHpOVGRYaDBTVGxXT0UxdlZIWXhOVkZpWjBKbVVGRk1lWFZZUjIxS1NYaElSell3SzNWQk9HTnZha3hVYVVoR2Myd3ZWbkkzZDBSM2F6TnJkWFl4ZDJNNFMweFFOVE13VUV4SmJsQmlibFZrY1dseFEyMHlTVlZoYkdONmVrWlBXRWsyV2xaMWIwcEdNM0ZJVVNJc0ltMWhZeUk2SWpjd05UQXpNMkl6TkRReVltSXdNMlppTVRrd01tVm1aR013WW1Vek1HRmxObVpoWm1NeVpUZGhNakJrWkdZMk1USmlOekkwTW1VeVlUWmxZV0kzWkdVaUxDSjBZV2NpT2lJaWZRPT0=', 1752023304),
('lR7IaoKX1QVoDm1v4EQYeJJHWDFLgsaTJiYdSvdc', NULL, '172.68.245.131', 'SentryUptimeBot/1.0 (+http://docs.sentry.io/product/alerts/uptime-monitoring/)', 'ZXlKcGRpSTZJbWd2TDFBdk0yeFJkMkp1VWxaRGMzaDFRamR6TlhjOVBTSXNJblpoYkhWbElqb2lZMjB5VEZrdmRUWnpTVGg1UVdSbWIwOVBVbTVKY1hOVWRVNUJiRFZxZEhwV1ExSkRRaXRLVW1VME5ubEVaa2N2VDFaWmVGWXdRbHBqYlZWc1RsTXJkbUpxWTB0Skx6RnFNREE0VldWb1J6TkxOVUZIZDBOVWRHSnpRMnRrTmtzM01rMTFaMVJUTVVwRU1scHVialZvTVdoSEx6QTBhRTUzY2l0TU5uaDRlbUZFVDIxV00yOVRSR2N2WkZkb2NYcFlXRE0xT0ZncmJYcHBVbVpUYkV0U1F6QlpXVTU1WjFOeFdWaDBUbGQxU0ZCTmNubzBSMDFWT1VaNk5rOTRjWFZ4YkhGMWMzSXdVa2RpYjNFM1NFbFJUa2hvZUhwcU1rbFVRMEVyYUVaM2NXeENhMHR6U0daemRrRm1TM1JtZDJacGVFbEpVWGh1TWxWNGVIUTVlV3hJYUNJc0ltMWhZeUk2SWprMk5ERXpNR0psT0dZeU56TXdZakl5TVRObE16WmxaV0V6TURBd056QXlNakJpTUdJNU5UTmhaV0V6TWpNMFpUWTNObUZqWVRBNU5XUXdNbVJtTmpNaUxDSjBZV2NpT2lJaWZRPT0=', 1752027084),
('lW11dGGdzxN8X68vZCm5CLOX5mAT0GGu4hbbz5pP', NULL, '172.70.43.123', 'SentryUptimeBot/1.0 (+http://docs.sentry.io/product/alerts/uptime-monitoring/)', 'ZXlKcGRpSTZJbVJpVWtKcFpISmhaRUozT1RoMlQxWTNSR05yYkVFOVBTSXNJblpoYkhWbElqb2lTbWQ1UkUxUVZ6VkpXRXhCWldKV09ITTVRVkZEZUV4aGRra3lkV1oyUVdKQ2VGcHVaemswZFhKWU1sRkVWRUpJUWxKSmJraEVZVE5GWlRCRVMyaE9ObVV6WkVZd2JtOUtaVFJoU0hsWE0wNXpjbnBqV1dsU2EzUTVWMnd6WXpWeVVqRTFjbU5uWTBKdllua3ZabkJ3Wkd4cWVtUm1TVWxKWjJsV09IUjFTMUYySzNCSlFreElWakIzV2xNNGIxbHZhVk5JWkVKMmRXc3lkbUV2U0VSSFZYTmxURzlYUTBWMVJFOW5lR0ZvWmpnNWQzVmtNVmRGUzBSNE5TOWtSRmxYZG5GMlFtMUtOa2MzUjFSNVYwNDVOVU50SzFSQ2JuVmtWRVJyWTJOR2MzaHpkMWM1VFhkQlFVSnJURGxOUVVzcll6bExMMU5qVDBkU1ZuWmpSR2xRWkNJc0ltMWhZeUk2SW1ZNFpUSTNZakV3WVRBeU1tWmpNMlkxT0RFMFpXRXdaak5qTlRnME1qTXdOR1k0WVdGallqRmtPVGN3T0RjME9XSmlNRE5oTXpnMk1XRTBOVFJqTTJRaUxDSjBZV2NpT2lJaWZRPT0=', 1752028884),
('M2D8RX4bW48QR9MFKhcHmiec7IGCIomHeSmPqbGA', NULL, '172.71.190.6', 'SentryUptimeBot/1.0 (+http://docs.sentry.io/product/alerts/uptime-monitoring/)', 'ZXlKcGRpSTZJbVFyUkdadlMzZG9TMnA1Tm1OamJqbFlTVnA1VkdjOVBTSXNJblpoYkhWbElqb2ljVWh4V0N0SlNWWjBVbkJrWlZkRVR6Tkdia28xZHpacGNUUmxNWGhHWVM5TGFEaExTalJ2S3pCYU1HNUtZVlZaZW1KVWFtbFpkVXBLYjJSMk1VcEVkWFZwY2tWTWFsUldkbmREY1hBMGFsSmxVREJTWVc5TGRsZ3dOalJtVFdacFQwWlROREozWWt4QlZUSTJibVJFV0ZremFETnZjVVZuWXpSYWVWSkxNWGswVkd4clExRnZSRzVvVEhGUE5HYzFOMnQyV21KMmQzZ3paSEpQUTFWMU1saEZNVmxxWkhRMlpWZFZVVVJIZGxGNGR6a3liVlJzY0RGQ1FUSmxXSGt2UjFkS2MwTkZlWFJHVVdJeGJqWmlVVGN5ZW5SNk9YVnNieTlhWlVwU01YVjZabWxrWTBWUlpHSlVOa3RPVm14cE1raFdPSEpGZW04NVFuWjVXbEZsU2lJc0ltMWhZeUk2SWpWak5XTmlZbUprTURJMFpUSTBPREpqWXpFMk1XTm1NakU0TkdSaE5ESTJPR1EyTnpKbU16SmpZbVprWm1Ka1pUSTBaVEkyWm1ZNFlUTmlZbVUzWmpBaUxDSjBZV2NpT2lJaWZRPT0=', 1752027204),
('M88JCXYfuCrzIJhvJpAPCCGhbUb1JqdToOWQ5c4w', NULL, '172.71.223.76', 'SentryUptimeBot/1.0 (+http://docs.sentry.io/product/alerts/uptime-monitoring/)', 'ZXlKcGRpSTZJak5QV1RKemJVdzBOMlF4VWpWUWNsQkhZVEJKT1hjOVBTSXNJblpoYkhWbElqb2lRMDVqV1d0MFMwZ3JObTFPZGtkUVRERkRjSEYyYWxsT1FUQTNTbTFETjNOU1NsQjZaRFIwYTNvMlEwMHhhV1p6YjBwamFrUnFaRU5GVUdaRGF5dHZiR3hOVVhSMU0xaGFZMDAwUWtKQ01HSjZNVkJ5WWpZeWN6ZDBkVGhDUXpSd1puaHVNSFEwV25GMk1VdGtORk5KVTBVd05FbGtiSEZHTm5OaU16TjRhV0ZOUTNSVlYzaHNUR3hhT0ZBMGRIbFNOWEphWmtKT00xcExibmhUVldkWmRtTndSRUpsZGtOMWFqTkVkRnBUU2xCWVJGVTRXbWhxSzBKU056UkRaMlpRT1ZSdFZUWTVXRWxRVjJvM1NITkdUa1J4UmxKM1ZrTTJSMHcxUnpORWVtYzFTekJJZERKdlNEaHBRa1JWV2xCNGMweHNTRkJqUWpkRWFYUmpTRzE0Y1NJc0ltMWhZeUk2SWpReU9URmtNR1EzWVdGbFkySmpOakExTmpZME5UUmtOV1poTldVME1EVXdZVGcwWVRFd05XWXdNR0ZoTVRGa01XUXpNbVZpTXpka1ptRXlOR1UyT0dRaUxDSjBZV2NpT2lJaWZRPT0=', 1752024924);
INSERT INTO `sessions` (`id`, `user_id`, `ip_address`, `user_agent`, `payload`, `last_activity`) VALUES
('MfkJCJUklVe3VEvrGJOQzBd2JLUXHkrkw86FX0uP', NULL, '172.71.151.94', 'SentryUptimeBot/1.0 (+http://docs.sentry.io/product/alerts/uptime-monitoring/)', 'ZXlKcGRpSTZJazFxYzFCUFV6ZDFVRk5tYlRsVlJWbGtVbnBFYzJjOVBTSXNJblpoYkhWbElqb2lWbk16U1hVd1lrOVRkVXRtTjFOVFdISndiRTVXWkZoa2VUaGtTMHhLVDFoMmRIRk1lSFZDV1VScU1HbHZXR2xyTVU5cWJVMTJMMmhUU2xBeVNGbEJibXhsY2xkVmNVZElaVzByY0M4eldVOHhXREF4VlRkUmVqSnJTa05KS3poSVZYcEpRV1pSUm0weWF6UTVNbnAzUTAxWFRFSTJlVTVuYkcwNU9WVmxlRzVzYTJwcmVYVXZRVFJ2TkhVNU1UWndSMHBzZGpWbGFWcHVWR2h2VW5oc1prRTFTbkpsYTFKMlZHWXphMlpoYUZKVmNHdzNjbEpGZUZGSmFIQjBaVEEwT1Rnd2IxTk9kbGhHUWxGcFpVVXJUMHd4YTJKQ1VIVjRVamRTUzJWVlVYVnVSMGhCWVZCeVExbFpSMjFaV1VaRFJ6SmliRTV3VUVGUlpWQllPVUZPY3lJc0ltMWhZeUk2SWpjMFltWTFOemhsWXpBME1EUTNNREJpWXpnNVlUQTBOR1ExTVRWbU1qaG1NR05tTVRFMU5UazVNamhoT0dVMFpXUm1ZV0ppWkRaaU5qSTNZalZrTm1RaUxDSjBZV2NpT2lJaWZRPT0=', 1752029124),
('MFqX5ZJkt2rMOZLYAfYTtVrqhmZoi6g6tP8GpS2U', NULL, '108.162.245.98', 'SentryUptimeBot/1.0 (+http://docs.sentry.io/product/alerts/uptime-monitoring/)', 'ZXlKcGRpSTZJaTlLZEZkR09WSlFOMjlPTUZaQ0sxZFRlREZXT1hjOVBTSXNJblpoYkhWbElqb2lkRE16VkVwS09HbG5aWEpDWlU5cVJYVnNiR1lyT0VNMFozQkxSMmN6TVcwMWNVSnFSV0UxTkRKVU16QTVWbWxLZFRKQk1GUm5lVXRvWmpNdlEwb3ZXazVLZG5ST2Vrd3JXbU16UlZWUVNYQmxZM2xrUnpGRFQwdEVWekppYldwUVpYVkdVbGxHWlZCNU9HWk5ibmQyVVRFeVVraEZVVlJrT1daTlR6RjVZV2d3YlhKTmFuTXhZbmw2UlU0NWIyNDFia28yU3psS2R6aHVkVk15UWt0RWMxWkRjM1IyYVZRd05IazVSMlJSYVdKTmRVcFZaVXgwVm0wMmFFUTJMek12YjJkWFMxVTViSG9yVFRGMFdFTnFiV05aY2xkRFZTOUpXQzlUZUZJdlppdEZaaXMxV1ZWdFVFVlpRakZOYlVJdlMwWTFaa0pIVVhSMGVUWmhOV1U1YlNJc0ltMWhZeUk2SWpsbVpHRmtaall6TmpBek9UTTNObVpoTVdRell6azJPVEU1TVRjNE9ESmtNRFJpTm1WaU4yVmpObUkyTkdZMU5XSmpZbVUyWW1JeFpHTXlORGN5WldNaUxDSjBZV2NpT2lJaWZRPT0=', 1752025704),
('MhDycZtAOo0wFI5PNaJa4EyHRx1W7zYuJEs9mOv5', NULL, '172.70.175.171', 'SentryUptimeBot/1.0 (+http://docs.sentry.io/product/alerts/uptime-monitoring/)', 'ZXlKcGRpSTZJa2RDSzFkYWJVcDNhVFZEVFdOcFQzVnNhbGRITm5jOVBTSXNJblpoYkhWbElqb2laRVpVZEc5bE5XUmlLMWwzTkhwSGJXVmliV1JRY21GTmEyOHJhM04wVlVJMmRDdFZhV3RtTkZBMFpIbGhlVnByWm01WWFIUTBiVEpwVDFONmNFbFRiRkJyU0hoV1VFNTJRbXQyZFVGMldtc3JOVTlFYjNvMlUxVnlNSGhaVm1Gak9WVlFRVUZCWVdwdGVIRXpZbUZITVVaeE5sVnZhM3B6VUhkTFYxSnJVRGhPUTJGTVp5c3ZWMkYxYVRWQmFqUkJhWHBXV1ZaVlZXbEpTMDFxZVhwM04wZ3pkRU56VEhWcU5razJPWGhLUVhGUFRsRlhjR3RuYzBkWFFsUkpTVGh3T0hVNVJGUk5aSHBrWXpJMGRGVTVNM1ZEV1c0dk1IQXhNVTV6VTNWeWVIVTNjSGsxTTBORmNtbENNV2RQVEhoSVlUVjFaMWxPZUhrNGJrWkRNemhxZUNJc0ltMWhZeUk2SW1ZeU4yTmlaRFEyTmpCbE9EVTNabUZqWVRSbU1XRXdaR1k0TlRCaU5qQmtaRFV5WkRZeU9USmtNRGN5TjJWbE9XVXhZamhsWkRrMk9USTJaRGc1WVRRaUxDSjBZV2NpT2lJaWZRPT0=', 1752025284),
('mwD0QXewribwyIqFLLzEqic2qofS1qogZ4o3GYzw', NULL, '172.70.39.135', 'SentryUptimeBot/1.0 (+http://docs.sentry.io/product/alerts/uptime-monitoring/)', 'ZXlKcGRpSTZJalZNTTJGcVZGbFFieTgyVGpaR2IwcGFTbGRVYVdjOVBTSXNJblpoYkhWbElqb2llbFZ6Unl0dWMzQjJVVTVJYkZGNVNYWm1iRUozYjBaS2VXMXVSak0wU0dKclZtTnlORmMzYjFGVWJDOVlaWFZHTTJsVmIzZFBVa1p3VDNNMWFucDRVMmw0ZFV4NVNEVjBNRkJZYlVwd0wyazRjVmhWTlZacWRYQjJaVTB5ZERkbGMwdFpRVU5rSzFSelZYcHdTa3haVTFwcVZsVXpNMk5CZDBScFRscGhkVE4zWVc0MVdWTTNkblpMYUd0Q1FWcGtlakJ1YVRSTFdrTnRUbU50V25wMWMxY3ZjVmN5ZEZwV01teEVWMmRQUzJkQlJtSjZRV2d3YmtwS1dVcERORVZDZEV0RWVHZHFkRGxNY3pKTGJVMUZRalJMVjFKNE9UaGhOU3RxV0hKR09VbDJSMUpTTVVwbk5qVkVWbkJMUzBJd2ExRjZkeklyU21SeVR6UjFNWGxuUnlJc0ltMWhZeUk2SWpVd01XUTFPREV3TnpKa1pUWXlNV0ZqWmpWa1lqazJNMlZpTkdJME16SmhOVEUyWWpZMVlUUXpPR0ZpTkdVeE5qSmlNekV5TmpRMVpqVXlNVFEwTWpRaUxDSjBZV2NpT2lJaWZRPT0=', 1752029424),
('NsNcyeW85xElc3pxjg9nhBYAFLGpq0r8iL5KoLjI', NULL, '172.71.223.131', 'SentryUptimeBot/1.0 (+http://docs.sentry.io/product/alerts/uptime-monitoring/)', 'ZXlKcGRpSTZJaTlCY1hCeFZtOXljRTVWTWpCRkswZ3hWMnRYZEZFOVBTSXNJblpoYkhWbElqb2ljVEJxWTNCM2QxSnRaV0pITDJkYWFYUjNkRlo0VlVSMVNHUkVPR040YUVKaGRGVk9NVlV5YXpGdmFYRjZla2hEYmtWc09IcHllRXRuVEhkcE5qbERjbmhoV0hFd1RHSkZNV0ZxT0dWd2RscHhWMmxNTkZwTGNXY3hZa1ExWlV4NllUaE9NRkpxWld4NlpGQnVaRVJRVEVGT1oxQnFUU3RvU21kb2QxVlZMMjVIVTIxVFRqTTBhMlZ0Y2tRNWQybG9TMko1Y0ZaMlNVOUdNVXRTVkVOVGVtMXVRM05hUWtSUmIwUXJla2hUWm14NE1uZExjVEZxTTNKdFpXWnJMMnhPVW5oaGJXczVRWFJYZDJ3M2JqQmtZM014VlVsRlZIVm1aRkZLU3pWTk4wcFllSFpRVjFCYWRXWk5aVGhTWkdabk9HNTJRek5VV0hSYU1EVlFaMFY0U3lJc0ltMWhZeUk2SW1RNVl6YzNZMk00WldabU5HVXhNVFpoTXpnMFlqQmxaVE14TWpGbVpERTVNamRqTnpnM09UUmpNemcyTnpZeU9HWmlOek0xWlRkaE56ZGtPVEJpTnpVaUxDSjBZV2NpT2lJaWZRPT0=', 1752026904),
('NU0ciAg4OUsQB4T5ODwT6RS837p8Kbq6JB7lweLI', NULL, '172.68.22.9', 'SentryUptimeBot/1.0 (+http://docs.sentry.io/product/alerts/uptime-monitoring/)', 'ZXlKcGRpSTZJbHAxY1dKWFFYVnJOa2xoVG5nM2NXVnpVVnA0UzNjOVBTSXNJblpoYkhWbElqb2lReXRTTDNSbVMyRXJhazVsUkM5RmJrWXlNWEZ1UmpOMlpuTTRUVkJqVVdaR1NVbGxSRkZRTVVjeFYweEpVblZ1UzFab2FDOVNlRU5VY1c5MU5HbGhjREJyWkVWa1NGRXhSalZuZW1WVVJuTkZTWHAyWnpoRWRHUkdjbGhrYjI1U1p6Tm1XbmQ1V1UxelFYTTFlbk4xYlRKb0wxRm5WeloyZUU1QlFWWmlUVmhUY0V0emJVZHVlbEIwUVZkMVYyTnRPRXBqY0ZseWN6QnlOM3BaWVZGVWVIVTVSa0ZHUTBOS2RpOXJaM3BrYVV4cVZsaFJWSGxJVUN0Rk1HeEJNM0ZJYm5rdlZXVlZNRFprZUVwRE15czBNbUpGVEc1Q1dGRjRXa2RtVlRKbk0xbHFZeTl2TmxsUlUxSndTMGxMYURkc1dsVXdkbkl3VDA1SWFHNWpPRXhrYkNJc0ltMWhZeUk2SWpBMU9HSmpZbUZsTUdNME1UVmpNV05rWTJVMVlUVTFaRGMxT1RjMlpHTXhNell3WXpFME5EVTFOamN5T1RNd1lqZG1PV1EyTkRjMk16SXhaV1JrWm1NaUxDSjBZV2NpT2lJaWZRPT0=', 1752025524),
('nYfK4dUe4Kj1wcob9VU3xH2AxFuSmayd98d6fR1S', NULL, '172.68.22.79', 'SentryUptimeBot/1.0 (+http://docs.sentry.io/product/alerts/uptime-monitoring/)', 'ZXlKcGRpSTZJazR4YkhOc2J6VlRkMUoyZUROaWFHSTFlbVpoVjJjOVBTSXNJblpoYkhWbElqb2lkU3RKTlZKUFJUTjRObFpRU2pONmVITm1NRlZZY2tsaGVVOWxVVVJKZEZsdWJrMWFaUzlQUTJoS1kyTm5SRlo1ZG5WbVdtRnFSVlozZEVnMU0wb3daMHBIYlU5S1QydDBaR3M0V0dGeFRXbDJVRTVWYzNSSGJuSXdNSE5MVEdScU4xUlBjVWh4WWpjMmNWRXlPVlp6UkZZM1NEZHJkM05QV2xSNmRtWldaSFpFTlRnNVVVcEVjbFJCYmk4NGJscHJPWE0zVFc5aWJHTm5kSFIxVkZoRVpGWXZTM2hPTTNVM1lrMUpNWEpvYVhGQ05VbzRjWHBMVFhGaksyczVOMXAxU0M5UmRFeE1OemsxUnpCMk1YTlNNV1JWSzJOdGVubzJVa2RWVERGcVZHZHRRekI0VkhZeVpFZDNZWE41S3pKeE9ETnhkSGhTTlRORFRubFFjSE00Y3lJc0ltMWhZeUk2SW1NeFptVmtOR1F4WVRrek1tSTFOVFJrWkRnd1pqSTBZamN4WkdaaE4yWmhOREppTkRZNU16SmtZbVF3WXpReU5tVTFOREl4T0RZMk4ySTNNREptTURRaUxDSjBZV2NpT2lJaWZRPT0=', 1752023904),
('o6lwFZhotxomg3PXuMsgxO1tv5PRjEQA0Cr2sbVa', NULL, '162.158.41.11', 'SentryUptimeBot/1.0 (+http://docs.sentry.io/product/alerts/uptime-monitoring/)', 'ZXlKcGRpSTZJbHAwUVdGUEszSnNRbXA1ZEc5T1RUWktVMlYzWm5jOVBTSXNJblpoYkhWbElqb2lOMmRGWm1sSVVGWlVlRVYxYUVOR2VFb3pOazVxYjB0eVUwWkVXbGRLSzFoWWFreENWVmt3VW05bmMwTlJTVVJrYVdsRlozbHJOa0ZVWVRCeWIzSnZOVFpuYTJaNlREWkJUM05HVG00dmVHUndTak4yZW5Cc01EVnRielY1YVc0eFdWbHNZVVp1U0RkWFZFSlNXa1ZtVFZsV2F5ODJZekZGTkdJMGRVaHlPVEVyVmpBMFNURndWSGhyUlcwNWRuRkVaMFJuWVVnM1ltTjRVMWhpY0cxd1V6RmxPVFJrYkhwU1RFMDJVRlZPVjJnNVJHbGxSSGx0YW05TmRYaE1ORE5CUW1kMmF6RXZMMjUxUjBReU16SnBhV1pZTlhsTU4yOXRWM0pMYWxoV2NFWlFLMjlOTlM5cldrOVRhbE5pUWpSbFdHRnNSbkJoYlRkR1ZraE1la1I2TnlJc0ltMWhZeUk2SWpRek9EbGtNemszWlRNeFlqWTFZV0V6TjJGaVpqTmhZelJsTW1RMlpqVTROalZoT1dFMU56QXlOVE0zTURNMlptRTRaak0wWldRME9EbGxaRGhtTm1JaUxDSjBZV2NpT2lJaWZRPT0=', 1752023004),
('oMObFBtYVYjwjAl7DDmuByXwqpoB7wTZ0oLkG2nS', NULL, '104.23.209.100', 'SentryUptimeBot/1.0 (+http://docs.sentry.io/product/alerts/uptime-monitoring/)', 'ZXlKcGRpSTZJbU40ZGtoeVpsbGhVMm8xVnpWalUzaE9lamRwV1hjOVBTSXNJblpoYkhWbElqb2labTh6U1cxdFYzcFpPVTFLZWtObE5uUnhkekpOZUhSeGNtZHZUSEJVZG5SU1RVVndLMU13VVhsb2MxTnJSVmxrVVRkV1FqTTFaMjgyUlUweGVIRXZOMmRFYUN0WGJtdzBVRWR1ZG14bFQxZDNTR2RxTkcxNk5pdEhRWGxCWlRSSVoxUlJaVTVVV1M4M2NrdFRUbmcwUm5OQ1JtVm5OMmMyT0c5VWFuWjJZMG96TjNacFNqVkdiVkJFVW5FMFlrVjRTMVJ1UVZGa1VrdzJTazFhVkZGU1lXWXZaVGMwTldGSGIzUXJibTVTWjB0Mk1XazNMMDFST1VaT1RHYzVTRWxSZDA5aE9DdEVVa3BHYVdNNE5XRlNRV05SYVhZNFNIZ3pNVlJRWkVSWk5HdENXVE5xSzJoamNGUXdWM2RKYTBkeVp6ZG5ibGhPSzJkelVrczNaRE5SVWlJc0ltMWhZeUk2SW1Jek1XVXlORFprTmpWa00ySmlaamc1T0RWbFpqVmtOVEpoWXpjM05EVmlOVEprWmpNeE1qRmxaV1ExTVRKaE56RTFNVGxsTURaa01ESTRPV1EzTVdRaUxDSjBZV2NpT2lJaWZRPT0=', 1752026124),
('OuEpIfHz3ELd5NC2TH4ytbItyiYgAfq5ZSjvyOMv', NULL, '172.68.245.210', 'SentryUptimeBot/1.0 (+http://docs.sentry.io/product/alerts/uptime-monitoring/)', 'ZXlKcGRpSTZJazl6YWxwc0t5dEhUbXhWVTNSQ01uVldWV2dyTldjOVBTSXNJblpoYkhWbElqb2lZVzVPTld0d2RrVXdTbTlyU1ZNMVpHTlJRM1V3VW5CS2EyWlRURzR2WTB3eFZUVjZhRTl4ZDBoMGVHNTZSQ3QzT1haTVlYcEhVRlJFU0hCb1JFSlJWakJOZVVWNGFWaFNiR0ZtZFRWM1JETldOVVJ6VjBoQ09Dc3JaM0JJVDNKdWJUaEVURmhsVm5aTWVFMXhaR0l6YTA5b1ZHNDBXalJ3VDI1UWJUSXJhRmxRVVVGVlVuRkdiVzVoV21OM1VXRnpaRGw2YTNwQk9HcG9aVTFsZGpFeU9DdHlVMmwzT0RkT1pFTlFNREV3TWtKb1RVWnVSV3BSZUVGNldVWjVhekZ2VURJcmRVaGFXalZyZWtjclltNWxjR28xZDNaTFltMVdPRXhaYUVWNmVIZEdTa2t3TW1aQlNYWTBPV2hNVVV3MmRUTTNTVzgyZURoaWFVbERNalpYZWlJc0ltMWhZeUk2SWpFMFpESmtaR00zWldRMU9EQXlNVGhtTlRWa01UYzJaRGd4TVRSallUQmlaakZoTWpobU1qZGtNV0l5TkdVME1ETmxNekExTTJFMVlqRmxORGs1TjJJaUxDSjBZV2NpT2lJaWZRPT0=', 1752026364),
('OXWnwW073mwJ2p4j9MCuJFYCWmaupwdqNu8xej3W', NULL, '172.68.245.131', 'SentryUptimeBot/1.0 (+http://docs.sentry.io/product/alerts/uptime-monitoring/)', 'ZXlKcGRpSTZJalJCYm5ReWVGTldkMVZXU2l0Q1dtTlFSMjF2TldjOVBTSXNJblpoYkhWbElqb2lSRVJQTkdOT1MxWjBha3MwV2xZeU9WZEVTRWxuS3pKWlJqZE1WV2RSVlhCRFJVZDBXR3RGUjBjdmQzWjVjVUZzYm5KcWJrcEJTbVZLVjJ0MFYxRkxUemRwUjBGb1MwSmhXbXB3WVRNMGMzWlRkRGxoU0RjNFVHOW1OVFZEWjB0QmJGUkdaamxKYzBVeGJsSmhiMGhZVEdKbVdGUnZOa05EV0ZsbFoybDRSbkJvWWs5M09HRm1NMlpwU0dKck1rRkliSG8wVFZCME5IZG1Na2hoU0hwdFYxSjFNbko2VlRrclJrYzBkRzh5TTFZeVN5dFlaalphTkc1Q05tdDJXblJsSzNkU1NVeEJPRmhUWmxwaE4zcGhRbEpwU1ZsVGJYVXJabFIyT1RZNE56UjFkRk56VDA5aFRqVkpUVmRpVFVoMFNrMWpVbE5QVm1sMVdYY3diRE5NV0NJc0ltMWhZeUk2SW1VeE9HVTFNREkzTUdZd05EQmlOV0V4TTJFME5UbGlaR0V4TXpKallqUm1PV014TnpSa01XWXhPRFZsT0dZMVpqWTRNVEpoTXpFNVlXUmlaVEprTm1ZaUxDSjBZV2NpT2lJaWZRPT0=', 1752025104),
('peofeDXD6OyNOgdo6skyQovrYxWFx9GRQB321V38', NULL, '172.71.223.102', 'SentryUptimeBot/1.0 (+http://docs.sentry.io/product/alerts/uptime-monitoring/)', 'ZXlKcGRpSTZJbTlwVDB0dVNIbGxNQ3RSUkM5TU1WazVha1JtUVhjOVBTSXNJblpoYkhWbElqb2lha1puTWtOT1NXVjRiWFUzVG5Wek1rUjVPR2N6Um5kTUwyWlpkMWxCUm5oR1UyVlljMlJMVW5kaVMyeHRXRlJEU0V0SE5FOVJOR1pqTnpSd2JtSnVUbXhqVUV0emNEWXhZMmxNUVZaM2JXNURNekZLYTNabU5ERldNWEJUU0hoUE5XZEhVazFYVGpGalNFczNValp1U3pWclFUWkNOR3hRTkVVclNuWlRWV2RCUTNoRGRIWlRibmRvT1M4eE9IVkdjak5uYldSSlpuUlpVa294UkVaeUszVm5RbUZrWlc1R2JEaFlhbE4zT1VGbVYwVnJhMkU1VUhoVU9WQnpNM2x0TVdsVFpEWk9hMUZNTDNkWGRVdHpNbTFqTUV0VGRVTXZTRU5xZG1GYVpFUXlPVk16V0Zka2RFbHhUMHAzV1dkbUwybHhUa0V4V0RaVlRsUnZTMmxZTkNJc0ltMWhZeUk2SW1OaE56RTBNbVZsWW1FNU0ySTFNRFl5TW1abFkyWXpNREJsWlRFd09USXpZVFEwWVRFMFlURTNNak16TW1aaFlXTXdObUZpWkdFMk1ERTRNRFU0TmpJaUxDSjBZV2NpT2lJaWZRPT0=', 1752022764),
('pEsebQjg0HYnCXzcIgMoKFY9x4Vxj6Uk0SPH8app', NULL, '172.68.22.112', 'SentryUptimeBot/1.0 (+http://docs.sentry.io/product/alerts/uptime-monitoring/)', 'ZXlKcGRpSTZJbXAzT1hOUU1VbDBNV3BtWVRFcmVXVXpkVXh1TUdjOVBTSXNJblpoYkhWbElqb2lXa3A2TURKYWRUQllaMVJJVmxBeWFXdFJOVGcxY0hRdlYwNUVOa0ZGVEdKNlFUQnVSVkp0VkRWeWNFZGtRbEIxWmtOQ2FEQkdhbXhFSzBkMmVrOHdhekowTDI0eVJVb3JXWGhsTkRoUFEwZ3daakJYVmxWQ1V6aDFTMVJOVkhkeFEydEdaRGxZVlZsNGJsbE9XWFJEVWpNeFNETXplREJRYVVsakswTmxWbUk1Tm5jd1ZVaGFSMmR5U0VSdGRVWlNZbVJyWW04d1RHOVRTRXBvVWtaRVdXWlNhbmQzSzFoQmRHaHBVbHBuU214UVNHazBUMU5KYldoVk4wcHZNbVJ4VjFKNk5XaDJXV1pEVkRGVWVYbHFiRmRTVHl0dkszTXlRMWRKYWpCbmJYbHZMMk0xZDFvemQzSkRhRnA1YzFScVJtUXlNRlpDYms5c09Xa3hjVUZRUXlJc0ltMWhZeUk2SW1RNU5UWXhPRGszTXpRMk16Y3pZV1l3TldObU56UmxPVE15WlRFd1lqSmtaVEJqTnpFME1XTTVOemMzTVdVNFlUTTFORFJtWkdWaU9HTmlOV0kyWldJaUxDSjBZV2NpT2lJaWZRPT0=', 1752022644),
('pQzpYea61b4TindHa59kipuMovPr3no5fQ6npjbm', NULL, '172.70.174.242', 'SentryUptimeBot/1.0 (+http://docs.sentry.io/product/alerts/uptime-monitoring/)', 'ZXlKcGRpSTZJblZMVXpSVVJWTkZNekJXUTBWdE5EUnZjVmhhU1djOVBTSXNJblpoYkhWbElqb2lVa0p6Vms1SVJIUnZPVTVETm5wbGNqWkNRMGxFVm0xRmQwZE9VVlJQYnpabVlYQmhUR1V2YlhVMlJVeElPRzlOVERsWFNXcDNPVVpaVjA5U1ZsRnNlbTVZZUdRNGJUZE1TRVIyTWl0WE1HZEVTMHd6Y0dkTk1EVm9NWG8yVUd4emVtVnRUbmhNVDFkcGNVcE5XUzltYTB3M01pOUNSbVp3TkRaWlVVWmFhbVJGV0U5MVowcEJhbVZhZWpoVWFuVm5MMDR2Tlc1bGFIbzJZVVZwYUdac1dtWlhURWMxVG1SU1YxcHVkalE1YmtvNGFHMUdOV3hsV1cxa1NUSnNTMDVxUTJOdFJYWndVbTFMU1ZSd1Ixa3ZRekZuVkhRdlowOW9PRFpuTlhkUlExbE9lVVJwZFRrdmJHMXphVEZHTHpOdE1VTTJZMVJLV21kWFlrMTBWRVoyS3lJc0ltMWhZeUk2SWpoa01qUTNNVFEzTWpaaVlqa3hOV1UyTURObU1UTXhabVEwWkRZeE5ETTROelZqWkdNME1UazBZVGMzWWpKbE56TmhaVGxoTmpFMU1ERXpaRFk1WWpNaUxDSjBZV2NpT2lJaWZRPT0=', 1752027444),
('PsjP3mcWSI7W1SBQPuJLWKYstCJsoYr74By4TiEZ', NULL, '172.70.38.217', 'SentryUptimeBot/1.0 (+http://docs.sentry.io/product/alerts/uptime-monitoring/)', 'ZXlKcGRpSTZJa2xhY21GM2RIWjJSVkZTYVc5clNteEVRMGc1TTFFOVBTSXNJblpoYkhWbElqb2lWelJQYkU1NFNUWTNXalpJWWxRMWRWZFVTRXBaY20xS1JHUnROazlNUVdOa1owUjZTVXRRVkhCSldVcFpZblJzYW5kd1VHNUJTVzFUWlRKcVRXSjVjelpXTVZCRFV5dERiM1JoY1VwTlFXVjZjR3RXUldSUFVVVmllVkpzUlhRMWFUTllORlV3YkRWYWRtZ3dLM1JPVUdVeGJYRmFRMkYwV25BNE1tVm5WRzlKZUVKWWFIUkRPVUZwZEdGU1EzUmhVa2gzTkhrM1NEVTJNekZIUWtOM1RUWjRhSHBpVmxWSWVreGxhVzB2U1VGaEszaE5UMEk0YVRsUFlXdHFjbmRHT1hsRWNsTnlRVklyTUdoNUswRkJhMlVyUW05QlFtbEZNRFJrTlZGVU5qRXpZV3RNVERKMmFVVkliR2R1WlU1VlEyeG9RVlZ6VHk4elkzVkZkblJPZWlJc0ltMWhZeUk2SWpGbE1tVTJOemhrWW1NelptWmxPRGxrWkdFd09EQmhNemszT1dWbFlUa3laVFU1TjJObFptRTNPR014TkdNNE16WXdNekl4TkRaallUUmxZbUV4T1RRaUxDSjBZV2NpT2lJaWZRPT0=', 1752029064),
('QClpIeLj0S5WO27cwSXVrFCeJNqHDLPtOUwEdTLG', NULL, '172.70.38.28', 'SentryUptimeBot/1.0 (+http://docs.sentry.io/product/alerts/uptime-monitoring/)', 'ZXlKcGRpSTZJbGw2TkhacVNsZEdOVTUyT0VSTFVFeHdjMFYyUkhjOVBTSXNJblpoYkhWbElqb2lTWEpDYlV0c1ptaGhRbVJOU0RaS1oxUnpTMUZxYWxoV09WTktOMUpQUW1aSWVGWk9Na0kyVFVST1N6Sk5hRmR0TkhGaU1qUktUamR3UmpCbUswSnVjbTFFV0hka2REaG1lVlpFV2pKNGNXbDFTMjVoVFVoUVVqTm1LMmxMTmt4dFoyMVRkRTByV0hWV1ZERmpVa0p6Vm5WV1UwZG5kRlIwVld0a2FGaFRZVVJvVTJ0ME5uVk1UVVZST0U4MGJVTnNNME5EYmxOV00ydEdURmxXVGtadFNFNXRTREpyVFd0TVpGQXpURWgzTjI1NGFFcHZiVVUzWVd0dk1HeEtaVmhYVURGTmRWVm9aaXRDZVROWWQyUmhkWGhQUW1oUk4wZ3pkRTkxVWxaRVQzQTRZM0pyTWxaSmVsWTBjVmwxYnpaV1VGaGtSVEV6TTFoQ2NIUnJUVXRRZENJc0ltMWhZeUk2SWpnd05qTTBaRFkyTkRBd01tWmpabUppWkdOaE1UVmpNR1U0TkdKbU9UZzJaamRoWVdKaVptVmhNVE13WldFd1l6Qm1PVGt4WldJM1l6RTNZekUxTm1RaUxDSjBZV2NpT2lJaWZRPT0=', 1752029604),
('qJMdmzaHlPFXtP154hkd1k92qSznwBQAkmS6uAVD', NULL, '172.71.195.118', 'SentryUptimeBot/1.0 (+http://docs.sentry.io/product/alerts/uptime-monitoring/)', 'ZXlKcGRpSTZJblZWZWxkdVJGbGxTemsyY0RSTGJXMHZPVk5RV0ZFOVBTSXNJblpoYkhWbElqb2lZME5OWTFwblVVbzFlbUpSTUc1RmNuWXhWbVI1VjA4emNXOHJiVkJuTjFVMFJ6WnpOWE0zUVVWMGFTc3pOVmMzUTJKU2JGRldWU3RzWTBJeWFEaGpRMVJ0YVZNMFZXZEdNRlJwV1cxT1pFNTBRazFLVEZSTU9XNVpkbmROTW5WUWNDczNaVFF4V1UxSWIxbGhTbXBFTkRoU1VWa3lNVk42T1ZaRFowcFhlR0Z6T0V0NGNYSldkakZsYUZkak4ydEhabTUyWjIxTU0xcG9UVEZ4ZG1VMGVrNUxiMlIyTm05bllXaExaSG8xVldkRE4zaHRhV0ZuWm1SNFkwMVVOM2RuU2tWMVVWVm5WREEyY2pCdmRuWnliVzlOTkhObldHdzNhMVV2VFZJMk5VaEZkMncwVkU1MlExcHJlbVZSWjBSQlRuWkhLekJIVUV0bE9TOWlVV0Z0U2lJc0ltMWhZeUk2SWpreFpHWmxOemN6TkRsbVpqTXdZak5qTkRRd1l6RTJNRFJqTldWbU1qWmtNR015TnpNd1pERXhNemhqWW1aaE5UYzVOekZtWmpreU9EUXdOREkwWm1JaUxDSjBZV2NpT2lJaWZRPT0=', 1752025464),
('qOiUuI9EMNqPHz0s2hXXzYoz11pjm0tMZAKihzOM', NULL, '172.70.39.192', 'SentryUptimeBot/1.0 (+http://docs.sentry.io/product/alerts/uptime-monitoring/)', 'ZXlKcGRpSTZJbkJyVFZNeFNqa3ZhMUEzWTJ4SGRtWjVaamxzVjJjOVBTSXNJblpoYkhWbElqb2lSRmR6YXpWNlNIVnJhMGRIUTJJMVRrTjVVV2RUWlZsS05VaHZURUpwVDJZMU1rUnRPRlF5VkhOQ09YbzBTVk5KVm5sa1MyRXZZbTl4VVZnMk5GVTJaRmxqYUcxR01UWlRiekpJYlZJdlduZDRLMEZOV0RaVVVFbEpXRVJ5Y1ZSNmFVOXBjalZIYjFodkt6QXZkRFJGV2xWRFdVOTJUekl5ZVhrNVRrUm5Ua2xsUTNaWGRIbFZSWFJhWjJOT1JtNTNVVTk0T0dkUGVqTlNXbWx2U1hkV2NVeE1XVXhhYjBWQk1XMW1SMkZqYUVOQ2FEWmhPWEI2VjBsTlRVWTBTRmhFYjBGS2FFbFpObGg2SzBKWE9FVk9jMU5VV2xkQ1UzTXdaMmRZZG1RMlVYZG1UM1JIYjI1NlRUaFVSM0Z6YkZoSVpVaGtUR1kyTm1GRlRsZGxSWGx0ZFNJc0ltMWhZeUk2SWpKbE1qZ3pOR1psWkRZd1kySXdPRGd4WXpobU5tSmtabUU0WlRjMU5HUmtNVEl3WXpFeU9XWmtOamRrWmpRNE9ESTFPR1F4T1RWalkyVmtaR00xWVRVaUxDSjBZV2NpT2lJaWZRPT0=', 1752026664),
('qQSd15x4LdoiePxTewiSZPnAA60jMgnz9xLLpocX', NULL, '172.68.245.222', 'SentryUptimeBot/1.0 (+http://docs.sentry.io/product/alerts/uptime-monitoring/)', 'ZXlKcGRpSTZJbEYxY3poNlUwRktZa0kzVlZweGREZG5Tek55ZVhjOVBTSXNJblpoYkhWbElqb2lVbTh6UkV4U04yeFpUVmcxT1ROd2FESkVaMDV1UlUxdGIxWmtZV1JOS3paRU5EaDJiM0JtZDFSTE1XaGtSekl3YWpsUVRXNUpNbmd6U0ZkaVNUbE5TRFkyU21KT1NVVnlhemNyTkd4cVZUUkdObVZsZURKWGFFOXZSazluY214Qll5dHRkWFJxUmt4dFIxTXlValJDUTFZNVRFTnNZbXROY204eFJteGFUSEp4UlRSdVdVdEZiR1JLUVRseVREZFFURU4zYVVFNFRUVlFXVTU2U0VwVFpGVnpjVmhMWWxNd01YZEJVVWtyZGxneU5FWmpaSEZ3WkZOMGRFd3hhR00zUldKblFWTkNlREkzV21NMGFGVndPVzB5Y2sxbWFsTjVTa1p6TTNKd2FWWlBjMUpoTmtaYU9WVndlRU5SZDFGYVUxZE9hV0pxUnpNM1prNXNhREJJWWlJc0ltMWhZeUk2SWpJM09UVTROekEzWm1VNVlqWTVOVGs1TWpjeU5qY3hOVGRsT0RNNVpUa3dNalExTkdVMFpqbGpOemc1TURVNE56RmhaRE5tTW1RNU1EZzVNek0xTmpnaUxDSjBZV2NpT2lJaWZRPT0=', 1752024144),
('qrEpSXXy4B9UuIZGyrpsTL4wHzXb3slDhQAXDsEf', NULL, '104.23.209.100', 'SentryUptimeBot/1.0 (+http://docs.sentry.io/product/alerts/uptime-monitoring/)', 'ZXlKcGRpSTZJbFZMZDNVdlJsbHFhazhyWW1kRGQwRk9aV051YzJjOVBTSXNJblpoYkhWbElqb2lSR2M0Vm1sTE9WWlhjME5wUzNnek1FRjNVbHB5S3pWQk5GUm1MMFZLVTBKbVRreGFXVVpIU0dWUFoyOXpVVXB1VFU0eGQxUXhkRlI2YTJSaE9IbzBXa1ZLVUZCRldtUjRWVkF2T0hoVk5YZ3dOaTk2Um1JNVVHWkljVTVOWkVGRlFVeHVVMUkxUVU1NVpXUmxUVUZNUVN0elVTdFZPR2xhYUVSNmMwRjJXSGRWVG1KRVZscEJVbHBFUlRjellsQm5ZV016WlVaVmVXbGhRM0p5U2s5Q1VWRjZkaXRJZFZRdmQwOVRhVzVDVjBndmRVSXdiMDQwUWpWNFQyZElORUpWY1hjeGQwVTVPWGNyWjJNNFVGRnFVMWM0WVVkdVRraGFaVVUyTlVwNVRGSnJjRFV5VkZoMlpWSlZkSFpCVkhKSVFTdFZXall6Um1GdFl5dGFSMGRaTmlJc0ltMWhZeUk2SWpBek5XTTBOak16WldZM1lXWXpaV00yTUdZMVlqbGpabVUzTW1JeVpESTVObUV3WkdZd05qaGlOR1kzWkdVd09HTTJaVE0zWVRRME5EazJZamc0WXpZaUxDSjBZV2NpT2lJaWZRPT0=', 1752029544),
('QXVGVnmWsmt3ONf9cjUSFgRnarAJ9RUIsXoPjqNj', NULL, '172.70.38.197', 'SentryUptimeBot/1.0 (+http://docs.sentry.io/product/alerts/uptime-monitoring/)', 'ZXlKcGRpSTZJbXBXVkNzeE1FaEhhMjQ1UVhWM1NuSm1iMVpDYVdjOVBTSXNJblpoYkhWbElqb2lXVkkwUlhWeWFqVnFkSGcwUm01TWJVMW5iVGg0UkcxNldqbEZhV3hEYm1SalFtdHZPRGxKVUdoVGNtdzVMemxzZUU1eVV5OHhVbVpEYld4SWRrOTRhVTVRYUdoeE1YRlZLMkowWm5NdmFHSkVlWE0wUTAwNE9EQkNTM0JtZGxaVmNGTTROMlYzU1dKelYzaFlhR28wVkc1RFowSkJWa3hUV0RWb2JGaEpabHBIWmpGa1V6TnpSalZYUzAxS05FRmtjblJDZUVFeFNXczFhaTkzWm5CRlZVSmFNa2hCYldwcWEwWXJLemxFZUc1RU15OHhhRUZ3VDFBMVRDdG9XRmx1T1d3eGR6WjJka2Q1TW1sVlUyZEpURkUzWkhOdGRDdEpjRU5pV1ZadU1HTnlSRFIxTVVKdVpGQmFOMmh5YkVaUGIwaDFXRTFVZFVSb1ltVlFObkV4VlNJc0ltMWhZeUk2SW1WbFlqUmxaalF5WkRBMk1URmpOMlUwWWpreE1tRXlNalUxTXpaaFpHUTRPREF6WlRBelpqazNObVl3WVRWbVpEY3dOR1F5WVRKa1pXSTROREkyWXpVaUxDSjBZV2NpT2lJaWZRPT0=', 1752024504),
('r3s2TqwFKD6Xut7VExq5mXRd1a72yB1cJpQQ6sUl', NULL, '162.158.42.34', 'SentryUptimeBot/1.0 (+http://docs.sentry.io/product/alerts/uptime-monitoring/)', 'ZXlKcGRpSTZJbWxaV2xjd09WQTBXVWRHTm5OWlFsTmpTR3BhVlhjOVBTSXNJblpoYkhWbElqb2lOMGhDUlVsRFlYWkJRMko2U25Cc2RYbEVTRWt4Tm1GNFZuaExXVGxLU0cxM0x6a3daRlZITTNsSllqTklVR3BUY0Zaak56RTJWRUZWVXpCdlUxcFFhblZtYnpabWN6SjBWMUJoT1VKQ1JIVm5Ra3A1TkVodWQyMUtNVmRRT1dKWU1VRTFTMEpoTUZaMGExUjVlRGRrTjNsb1JVcEthbmxsZFV0TVNGSlBWSEZsTmxodWFIRlRRVXRyWTBkU2FFTTRVM1k1U21rMGRXcENhbFpvY0VVclpESnZTRWh3YUU5bGFrWjVUMWhNUVdnek4yUnZla2hrZUdKWVJFTXdNemxhUVdKcVYwaDVRVFp0WW1Kb2NEZFBNR3R6VVcxMU5UZHJjM1p2TWxSRFNVTmxNSFF2WjI5ak9HaFVVVEpRWjBWbVpIaGFUbTVzUkZKWlFYcFFhREJuVGlJc0ltMWhZeUk2SWpZME9UQTFOalF3WVdRek5XVmxabU14T1dNek1HRTRZalV3TURBek1URmxNV0kwTnpReU0yTXpOVEV3WWpJNVpUQm1ZV0UwTlRBeE1qQmpPRFJoWldZaUxDSjBZV2NpT2lJaWZRPT0=', 1752024444),
('r4UhhXyOei9G7O3HKQbpjFBydl8bjV7xbw1BOPmz', NULL, '162.158.79.111', 'SentryUptimeBot/1.0 (+http://docs.sentry.io/product/alerts/uptime-monitoring/)', 'ZXlKcGRpSTZJa3BqWWtkQlFWVkdUVWRUTTNNeFpHVXhPVVZyYWxFOVBTSXNJblpoYkhWbElqb2lla3hOYkcwNFlXeFJkRFYxY21WSmVsZGlZakE1TVRoWE1qYzRRVk41V25OdGMyZE5RVVkxY0RZeVkweEtUV0pUYWxoc1ptVnllazVFUjJkV1NqSTJkVlZxYjJzM2FpdE9aa05PVkZoMFZuTktTM2tyWjBWRVZsbERZMmhoYXpFMWVXTTBPV3hvTkdoaVIyc3Zka2RKU1U1WVJEUkJOMkpPUkhodE0wdzVMMVZQU3pKRU1HOWlNMXBpYVVkc1NXVkxaVmRpVURreldscEdSREZXVDJ4NFUwUnFSekF5YWpCeFdVeDZla3RhY1daTmQyTnBkMGdyUnpKVU5XUkVkVU5RYVVod09ETkZaamxvTmpVdmVHRmpTMFZ1YlM5V1kybFlaMlJpZUZSd1V6TTBlWGRqZUVWQ2FFTkpUREUwVldzelRqaGFOekZKWVZKWmFEUmhRVTVKTXlJc0ltMWhZeUk2SWpWall6RmpaVGMyTVRobU9EVTNNMlJpTWpSaU1qY3hZemhoT1dJNE1qUTROMlF5TVRFMk9HRXlaV0UxTXpVd1lUZzBObVl6TmpSaVptVXpNalpsTnpNaUxDSjBZV2NpT2lJaWZRPT0=', 1752027624),
('rDsCwY1JANJllNVPxFYyVeiNYXbz1iOfivUM66kJ', NULL, '104.23.213.166', 'SentryUptimeBot/1.0 (+http://docs.sentry.io/product/alerts/uptime-monitoring/)', 'ZXlKcGRpSTZJbnBvTmxwYWVWUlRNa05ITW5NcldXVkJPVmRzWm1jOVBTSXNJblpoYkhWbElqb2laVWgwTjFabldVUjFXa2RoVEVWV2JqZG9SVWNyUm1kWFJWUlNUMWhJT0d0S2NHSmxhbE0zSzJWSFJIQXhWMU5PYm5oWksyWlBkazFhWVhGTlpHRlFTSGgyUkhSNFZtUXdLMHgxVkRKb09FdHNlR2RpYjNkTVZXbHJZMWN2WmsxYVkwRXZiVkJqY1ZsRlVXNU1ZVE5xTnpoeVQybzRjV1paTXpaRlFURk5SMElyTkZCd2RUUktiV012ZGxoME1VbzVlR294YWtWNWRFSXlSMGxZYXpkUFUwb3liMmx6T1hKQmMxWmhPWFE0VGxack1uSm5UWEJvYW5WNFl6bFdMMmhYV0hWT0t5dFNOaXMwVDNORFpFbE5XbTVoVVM5UGJqVTNSbkphTkdvelQzZHFSRmhFTDJkYU56QllVa1JHWWs4clF6ZENXSHB3U25oMFdEbFlRakV3YmlJc0ltMWhZeUk2SW1ZNU9HTXhORE5oTWprNE1UQTVNelV3Wm1NeVpqZGxNRE13WkRRelptVTFZbVl5TUdWak9XRTVPR1V6T1RVMk9XSm1NV1UwTlRrNU1XTTVPREl4T1RraUxDSjBZV2NpT2lJaWZRPT0=', 1752024864),
('Rgt4UAe9Q1PidMFfnOnfQGiSsDqERHmd0UGLaZNr', NULL, '172.68.22.8', 'SentryUptimeBot/1.0 (+http://docs.sentry.io/product/alerts/uptime-monitoring/)', 'ZXlKcGRpSTZJbW8xWVdKNWMwTlBTbXhXUkVFMmFuWldWMmRrUzBFOVBTSXNJblpoYkhWbElqb2lRVlpZTmtOcGMwbG1jbEI2ZDB4NVRWbDJiVVUyZHpkWmRrZGhOR2hTYXpJclRXdHhjVll2ZWpFMFdsWlVjVkJTWm1KRVRXdHdXamRJU0dkNWVXazVhalZxT0RocGJYbDVSM2MxY1VGMFRXNWlaVkZDWW5wT1ZtUm9NbnBIWkd0eldsQm5NbnBzTjFaaVNGVnBMekp4Y21OVE5VTkNRM0ExY2xwNGQyMVZNRE1yTUhRclMxcEtOVk5WV0M5MlpuWldUbmc1UlVGRWNETTFPVkJrZVZOYVlrUXJkbmswWkdOcmNITkVkR0pCTkdONGFXWlNRMXBpV1ZCaU1rSTFkRmhuYkdkR2IwUk9lSGgzYUd4alMwRXpRa05TUTFJcmQyOWxlRmhrYlVOV1pGUlhWa3d3V25sTGRsWm5aVTlVY0UxSFR6WXhTRWxEYTFaeWFITndlaTlFYXlJc0ltMWhZeUk2SW1abU1qVTRaamt4WkRSak4yWmlZelJsWm1ZeFpHRXhPV1F5TjJRek1EWXdPR00zT1RFNFlqTmhOalEzWVdaaE4yRmlNbUpsTldGalpXTTRPVGswTURFaUxDSjBZV2NpT2lJaWZRPT0=', 1752029304),
('RQnGAiZKq3U4LYBKX3JeNPT3JAaLDYQTKWenCpEZ', NULL, '172.71.190.71', 'SentryUptimeBot/1.0 (+http://docs.sentry.io/product/alerts/uptime-monitoring/)', 'ZXlKcGRpSTZJa2RGVkd4UVpVeDBRamhQTkd0bll6QjRaRmRwV0hjOVBTSXNJblpoYkhWbElqb2lhMkZ5U1U4MmFFNWhZMHRtTVVSUVZFRnlkMEo0Ym5KRk4xUjJSRWRFT0dGUlNYUkpUVVp2V1dOdmQzcFBlSGxQZVZNMFJXdEVkRXR5T1hGV09VUnVPSFozUXpod1JrSnhNSGgwY0c0clJXTTNaSFZXTXl0elpqaFlNMm80ZVhvclptbHRWaXMwV0hRM2JtVm5OMm92UWs1d1owNDVNMUZwVGtOQmREaDZXa0kxU1hOQ05XZG9PSFk0Wm14Tk4zZFNWRlpHTmtwelkyZHBTM0pJYUVaalZWWk1aSFZKVVZaeE5VdFRZelpUV1RSSmVTdHZXVUk1VVZoak5GTlhVMFlyTjJReGJteDRWbUZ5YVRONU9WWTBjM1pvU0hreWFreExZM2x2ZUZKMGVpdFdkbUZ0WlZSek1HRlZjRWxYVm14UmJVdHVlR1ptY21zd2EzZExWbFZwYkNJc0ltMWhZeUk2SWpsaFpEQXhObUUwTmpZM05XTTJNVFJtWXpCallqUm1aalJtWXpCaE1URmlNVE5pWTJKallUaGtaVGsxTWpJMlpqSmpPR1k1WWpkaVl6RTBaalF6WWpnaUxDSjBZV2NpT2lJaWZRPT0=', 1752022524),
('Rs1jKvgE76Nsi2AaEBDLkHUjfIs9s48JWyZ76IdF', NULL, '172.68.245.130', 'SentryUptimeBot/1.0 (+http://docs.sentry.io/product/alerts/uptime-monitoring/)', 'ZXlKcGRpSTZJa1JOVHpoQ1dTOTFaekowTUdKSVRTOHpUa3cwWTBFOVBTSXNJblpoYkhWbElqb2lUMlV6WTBsTmRucENaMUZyWkVsclpIcHZWMVZGUlZBelYySTVPVGRVVmtKaldFdzBWMmhwV0ZWRGFFNUpOV2RDZDNwWGRIbG5iRzVIV1RkeFRuWnZWWGRoYnpJeE1ISkNNMEo2T1RCdGFVVTBObFZ3Y1ZoU01rc3ZVbFo0UkdKMGNIWkpSMGM0ZVN0WFdrMXROME5yVlVSRWNpdHpiazB4VDJwaVdGQkVVRmxMV1VoUVYyWnZWVmgwY0hKeFJVaDZPR2R0T0dSamIwNVdUVXRaYTA1aVdreHJjRFpWTjB4M1VFcHZRVGh1VVdReVVIQXlLMHRhWm5OUVVXSlJlSFJoZUdKSVIxUlphM2xKUlhOTWVuRldTbWhzYjBwR2FqWnpiMnRWYVZWcmRUQndOV05yTUZZdmJHa3ZXbmR4UjFOVVdFeExURk52U0V0cVRURXlRM0F4WVNJc0ltMWhZeUk2SW1Oak16WTRNR1JqWkdGak9UUXlOVFUyTlRObE5XRXdOR1ZpT0daaU1tVTFOVEJrWWpJME9URTBNMlV5T1dSa1pqRmtNRE16WldNMFlqTm1Oak14TUdRaUxDSjBZV2NpT2lJaWZRPT0=', 1752024564),
('RYirITJPwtEqMlkzh7lMNqq4R74yThDza5Ob74Ce', NULL, '108.162.245.53', 'SentryUptimeBot/1.0 (+http://docs.sentry.io/product/alerts/uptime-monitoring/)', 'ZXlKcGRpSTZJbFoyVHpBdlowaFVWbUp0SzJWbGQxQmFVMFZMTldjOVBTSXNJblpoYkhWbElqb2ljVzV1UzBKYVRtWmxNWEZXTUc5UlpHeHNWM2h5YVZkdVNYUkNZekZXUzFSck4zVTNjVmh4UjBseGJXUTNSM1E0WlhOa1FtaEJNekZqV21aYVJHNXFiR0l4YVZwU2N6VlhOR2g0VVZabmJYUkhORGd5VTNGYVlVTnVWa3cxUjBFMmRXdDJRVFpIU0dOT2IzcEJaR1IzTm1ob1IzQm5ZbGhQY1dOS1YzRnNRMklyTkdJeWQyOUlkMjFUTDI1TWFqRm9TR1ZTWVhSSWNGVnJaemxYTTJRd09IQktaMFpIVmtkTU9XcEJkemxYVlZBMVQwbHBXV1ZHWjBkSU9GbEJiSGxwUm5jMFQxVTJTVWw2VVhCMVRYUkhkVEJvZVVWR1MxVm9TbU54WlVSVWNFTTRNUzh5YkdnM09YZFdSRFYwWm1scVMwUnJiMUl5Um1GMFFWZFpibFZqZFNJc0ltMWhZeUk2SW1JM016bGpPRFZpWW1Fek1UY3pZbVF6Wm1WaE9UZ3pOek0xTUdVek9UYzJNelV4TkRZNU9HRmlNbUV5Tnpkak0yUXlOREpoWTJZM01qRTBZVEEyWWpJaUxDSjBZV2NpT2lJaWZRPT0=', 1752026424),
('rZXpUMcKbBK4nqQXwa2CGI1Y6TmvvUfYGYkuak48', NULL, '172.68.22.45', 'SentryUptimeBot/1.0 (+http://docs.sentry.io/product/alerts/uptime-monitoring/)', 'ZXlKcGRpSTZJbkJrY21KcldVTnVOVWM0VGpoMVlrTlFRVUptYVZFOVBTSXNJblpoYkhWbElqb2lSRnB4S3pSeFVraFdSU3R2YzNkUk9HaG1WRE56VlM5T1lYRXpZemMwTjB0c2VXcEdkV1poUVhnd01ubERXa3R6WlU5M1VXeFlaVkJaYmt0eFFqWnFXVlZGT0RJeGFXUkJVMlJWVFdRNU4ySjFjWEpPWVVsUlMwOVlPRVYyVTBwa1ZFMW1URU5GWnl0SU5IUllNSGxXZG1KdWFHaFdOV1pZWm1zM00ybEpjbFJ3WXl0dU1Fc3plVzFDVlhWd0x6SmtTbVp6YkRGUk1sTjROR2d5ZFhoU1RFNXFPVk5NTmxKNlowWkJhME5uVlVKRVVrcDFWM0JOUmpOeFpWRndibU16YW1sdWN5dHdOek51YmtKMGMzbDJLelp1ZDJaVVdWTjJhVzlLY1hSM2MzUlpRMGh0TDJVNE1YUkhhRkEzUVVGblNIaFRiM1k1UXl0bVduRmtZelF3Y1NJc0ltMWhZeUk2SWpWaE0yTmpZMlV5Tm1RMU4yVmhaakJtTVRreU9ETm1ObVl3TlRJMk5XUmtZMk5qWXpJek1qZG1PRGN3WkdFNE1qZzFaVEF4WW1aak5EUTJNek14Tm1NaUxDSjBZV2NpT2lJaWZRPT0=', 1752027864),
('sE0qCem9mZXCOduDeMBCFNTlmp6HgBEn1D8w8PhT', NULL, '104.23.211.3', 'SentryUptimeBot/1.0 (+http://docs.sentry.io/product/alerts/uptime-monitoring/)', 'ZXlKcGRpSTZJbTFzVEM5d2NFZHZUbEY0TDFkbFR6VlZUV05WVUhjOVBTSXNJblpoYkhWbElqb2lOVWRCTDFSVGVGYzJaakp1VDNCU1p6RjZjMnBpV0VsT1VHY3ZVMFY1WlcwNFZHSnRRM1pwY0ZGQloxUlVha2M0UjNwQ2FtRXdaRUpWZDJveldYbHpLM293WW5WUVZXdHpZMFJyUVZKNVIxUXZlVkZCTlZabllrSlZjV0p4TnpkYWMwcG9VRTlzUm1OWk1VbDFWa3hSY0V4RE1qazFNRE53T1RNMk9WbzBlVEpVT0hCVldYRlZPRzFNZGpoaWVISk5ZMkpsZVU1T1oxazFNMFJEYldWVE5IaG1Wa05xZGpKRWFUbGhRMWhOZW1acU5YUnRWMjVRUkRORk5HWjNTV2xhTjNGSGR6TlZjRTVuTXpWc2VpdHJiV1ZCWVd3emFXOUlhalExYkcxaVJXWnROa2RRVEUxMVNXbFRlV1ExYkhseVUzUXpORU5RVlRCUFZYcFpMelF5UlNJc0ltMWhZeUk2SWpjellqbGxaalprTkRBNVpqSTNPR0UzWVRCa05UYzFNbUUwWWpreVlqWTFPV0l3TVRZMk5EWTJORE0zTVdGbFlqVTNaVEE0Tmpnek1EZ3dZbUk0TTJRaUxDSjBZV2NpT2lJaWZRPT0=', 1752026004),
('SK6gJaH0KL6AbTVmfriYAcnhwnZ6YpHOjqzYJyNt', NULL, '172.68.245.70', 'SentryUptimeBot/1.0 (+http://docs.sentry.io/product/alerts/uptime-monitoring/)', 'ZXlKcGRpSTZJakZsVGt4d1RGZDBZa04zWjNCaVpISkNTRkZZYzNjOVBTSXNJblpoYkhWbElqb2ljazVKY2poQlV5OUVLMlpDUnpsdlUzY3ZTRkpqY0ZjMFduVjZhRGRoWldWTWFXMVNOazVEV2tKbWRuUjVMMHRhU1U1RlIxSTVSMVpwZURkSE9UWTRkbVpxWjBSMGFFZFpNbEJuUjI5WFYwcHVXREpQVFZCU2VVcDNkMnRTVlhSUVlVWm5Vamw1UzFCWWNpdDNiRUpWVVVaVU5tbFRSemh5THpGRU9VMW1hMGMxVURscVNtSndNbGMxYm1SWEx6bEdTVmR4WlRaTVFsTTFiRkp6VWxoS2QwOWpWbU14V2tadlQyaHNSR0p1UkhOVlZFeDFWMDQzVUc5dVFXeHdOWE55Y25Kb1JrUlBlbTVtZDJjMWFtNWFaRkpsYmtwVlNWQjRTQ3NyZVZSUVpFcDBTMVY0Ym5CdVFrMUJLek5RWkRobmFqaE5TVkJvYkdGakwxaDRaa2gzVUNJc0ltMWhZeUk2SWpSa04yRm1ORGcxWmpGak16WXpabUl3TVdJeFlUSXlaVFF6T1RRd04yRXhOalZoTXpneU1qYzJPRFF6TmprM01HRXlaalEwTXpNMlpHTTJPVEl5TXpVaUxDSjBZV2NpT2lJaWZRPT0=', 1752023964),
('SzQal6czGve8oZwunlz6kLR99VDXa4U0mHPx9vCG', NULL, '172.70.39.209', 'SentryUptimeBot/1.0 (+http://docs.sentry.io/product/alerts/uptime-monitoring/)', 'ZXlKcGRpSTZJa1JTV1VkTmVqQTJWMEZpVEdOalZtUjRXazEwYjBFOVBTSXNJblpoYkhWbElqb2lWVFpvVURKclJIaElPRm8yY21STGNsRmxNemczVEc1dlRWQTFlV05JVm1WdVFWRnpURVl6WTNvNGFWSnJhRzFVUldWSmRGZzRZelp1ZFVoa1VqZDFlbTVZVkhaaWFXdFJkVmhRUW1jeFEweHBUWGd5TjFGa2FteE1LMHBFY0RFNFJrUXJUMVI0TTAxYWRYbHVWWG95ZFhKU2JtcDVhbG93ZWl0MlNXd3ZabGxCYVZGSWJVa3JPRzVwTkhvcmJVNUdjV2t4YWpKdFR6SXZZakpNUkdKUlNXeDRSMDkwTTNkRlpIQmpVVEZpZGtvMlMyeDFiMUZsZEZvNFNrUjJlRGR2WjBabVNIWlhhekJvZEV0SVRtczVaRzVFVXl0WFlrYzNWVmxUVlVsWlJHZG5MMkUwWTFJckwxaG1XbUU1Wm01UmJYSk9UQ3RMTWpONmQwRXJUbUkwZENJc0ltMWhZeUk2SW1Gak5XSTJPVFppTkROak5Ea3dORFV5TURSaE1ERXpPVGM1T1RObFl6QXlNVFJoWkdNMFlXSTFaR05tWkRVeVpEUXdNRFV4WkRkbE5HWmpNV1kyT0RFaUxDSjBZV2NpT2lJaWZRPT0=', 1752027564),
('TdpPtV9Vg5U7CoeuHUqw1VujtNJgWBNbaupMAGXs', NULL, '162.158.42.240', 'SentryUptimeBot/1.0 (+http://docs.sentry.io/product/alerts/uptime-monitoring/)', 'ZXlKcGRpSTZJakZSVXpnM09EbFlPVEZQV1c5bFZrRnpTMVpSZVVFOVBTSXNJblpoYkhWbElqb2lZMDkwTUc5d1NUVkhjVWQ1ZDBKcGVtNVdkV052V0RsQldVcFlLMUpsYTBKcFduZzFWRU5sU0RJMWFUZFpWVXRCWkUxSWRUVkpia2hXTTI0MllUSllkVmwzVWpoM1MwRXhkMmMyWTFvelJVNDNSbVExWjBJMVNXc3daelkxYnpBd2FGb3ZhRmN4ZUdkd1NIUlhkVFZTVERST2JsRnZXbGhSVXpoMlJGTnVObXQ2TkNzelVUUk1hVXAyVjBVelVtOXVRVUZqZFhFeWEwbzBVRVpUYmtSM1MxZFFTbU5QT0ZORlUweHJRaXRPWlhWaGVtbGtNaTlJWkd4eFltdENUR2xsTjJOM1RrTmtkbUU1VGxjdlZHeHBTamhsTDBkTlVWcHNaVWQzWVVocFpGaG9OMFZITjJwd01YRjZUbmR3Y0V0WGVsRnhVRnBEVG1JMWMzQm1jSGxTVGlJc0ltMWhZeUk2SWpjek9ERTBabVV3TlRnM1pXTTBNV1JrTmpobVkyRm1OR1l4WkRjNU0ySmpNamRqTVRRd05XVmlORGhqTnpSbE1XTmtPR05oWXpBeVltVmlOVE14WkRZaUxDSjBZV2NpT2lJaWZRPT0=', 1752028044),
('TgHX4TEj1XJ5C7oiQdwhYC2ICb1tQVtdr7GzaRiD', NULL, '104.23.211.65', 'SentryUptimeBot/1.0 (+http://docs.sentry.io/product/alerts/uptime-monitoring/)', 'ZXlKcGRpSTZJbFJUZFhNdllUbFdVR2xrS3poT2NITkVkREoxYUZFOVBTSXNJblpoYkhWbElqb2laREp3Ukc4NVFUaHJOSEJ1TUhaTVkzUnFkM0ZyVmtodWREUm1WbVV2Wm1aQ1VXaDJhblpTWnpoRlptRmhPR3c1VkVaTFkyMWpWbEJQWm1ST2JqZHhSVTUxUkhaTmRXYzRaSFJ2ZEd0Mk9VMW9WRzlqT1VaS2NuWXZlRlZRT0d4dFRuUk9RVGRoTm5OTGNsTTRRVTVUZUdGeVVUa3lUalZ2YW5CcWRWaFlOVVpFUlRobkt6VTRjbXhqY210NE1ETmhiRlI2ZG5FMWNrWlFMMDlyVjFaemEzTllSRVk0VUZsNGFWSjFMMUJNTTIxd2NqQmpOME56UWtOcmF6a3lVVU5TUldKQlFWRmtTbWczTWxWNmJ5czNTV2d3TmxGelkzaDRUVGxzV1VsU1R6SlNTRzU0VFhrd2MzbDNTRUZSS3psWFZXa3lNRk5UVW5WRVFWQkpNRVpXU2lJc0ltMWhZeUk2SWpNMFkyTmtZelpoTnpCbVptUmhOR1V3Tm1Zek56SXpaRFpoWXpZelpUZ3hZVEJpWlRrMU1UTXdOakUyWVRNME5HTTRaV1pqTWpZME1tVTJORGc1WkRVaUxDSjBZV2NpT2lJaWZRPT0=', 1752024744),
('tgrTmCTxUucDThjMPqP1b4a1PligREtGaxKkHts6', NULL, '172.71.191.71', 'SentryUptimeBot/1.0 (+http://docs.sentry.io/product/alerts/uptime-monitoring/)', 'ZXlKcGRpSTZJbTFUTjFwdVZIQkJRM0kxV1dRM1RuZ3ZTQ3RxY0ZFOVBTSXNJblpoYkhWbElqb2lTVFpwT1VsMGQxWlhiRTVVWlRoYU9EUXhiRVpzUXpJNFoyaGlXbUp1TVZkUFYwNHhVM2RtTlhOR2Nrd3hTR2xHTUVsR1JFbzRUVGh3V2xSQ1RtMVhlRTFQTHpVeE9WVk9NRkJ1VlRkcE9FOTZhblZMYWpGRmJFYzVORnBSV0c5V1UyVjFSek5VTm5sR04xVnBaVzlOVml0c2QwbGhjREJWVUU5TFFtVmxNMFo0VHpoeFYwMUVhRGh5VVdFMGR5dFRTVkpVTkU1d0syTTNaR3hVWm1kcWRWWlhWMEZwT1ZkcVZHdzVVWGdyZGxWV05XTXpXWE5ETldKdFZsVkZNME53YkRndmFpOTFVR05wT0doSFRtMUxWMU56UWxKUk4yeE1RVzVpZHpBNWRsaHBSbFJQVTFocVF6aDJWa05PV2xsRE1HZHJXQ3RUVFhaVFNFVjFVekpGYWlJc0ltMWhZeUk2SWprM09HVmlaREUwWlRGaVpHWm1PVFEyWkRnNE1EbGlZakUyTVRkaE1EVm1OV015TTJRMk5EWTFZV0U1WVdKallqWTBabVkyT1dGaVpUbG1ZVEUzTVRraUxDSjBZV2NpT2lJaWZRPT0=', 1752024384),
('uk3qikrjaO2rCIRNaPIpEPd5JaITMfgcugKPYvuJ', NULL, '172.68.245.179', 'SentryUptimeBot/1.0 (+http://docs.sentry.io/product/alerts/uptime-monitoring/)', 'ZXlKcGRpSTZJbmRFWkdNdlNpOVZMMHRxVWtjNVRqVlRhV1pUZDJjOVBTSXNJblpoYkhWbElqb2lXbXg2WVdOVWVWYzBOVGR4VUVReGMzcEVTa2RMVUZwbGNIZG1abGhSTkZWVVdqbHhORVpGY2sxVWJsaGlZMHRNUWtSdEwxbHdkWGhXZFdsUlVHbEJXRGhIUVhaaVQzQTRVREJRYlVkdFMwZEhZelpMZVVGaFZDdGliVzlNVFhnNEwzaGpTbFZPV1ZscmVXVldjRGd2VW1oRFlXRjVZbGxDYXpsQmNGcHNPV051V0RWQ1Uxb3JTMVpITWsxT1lUQkZVVzVZVHpGaVZXWkphbkZOWVRsNVNXMVFWRXRwZHpKRk0zbzJhRkZSWjFkYVNEaDFNMFV3VFRFMVFYbERaQ3QyYWpSeUsyTlhUR1pWYW5CRlREaERSeXRyVjJoMFRFcEZOMHBDWTBsMlZ6Rm5NRzVQTXpWTE5rSTVjbFJqTjJSeVNEZENjelIzU1RsWmVtbDJWRTE1THlJc0ltMWhZeUk2SWpCaFltSmpZekpqTmpnd1l6Y3hNVGs1WVRNMFlUVXdPV1ZtTVRsbFltUXhPV1JpTkRZNE5XRXpZV1EzWWpVeE5UVXpZV1JpWm1Ka05UVXpZVE01WVRnaUxDSjBZV2NpT2lJaWZRPT0=', 1752023124),
('UoRRBDM4UOMqhmFtPJa9FTNYavsYXK6aPMmN33IH', NULL, '172.68.244.143', 'SentryUptimeBot/1.0 (+http://docs.sentry.io/product/alerts/uptime-monitoring/)', 'ZXlKcGRpSTZJamg1YTFadVVFSTJVMkkzUW10bGEydE9TVGRCUTJjOVBTSXNJblpoYkhWbElqb2lhVTl6YVVscmRFdFBka3BUT0hWeWRrVnFZVlJCT1VsRk5YWXllVEptTUZaR2RFUldUa3BXUjBaVlNFcFdjakZDY1djeGIyOXZWM2xTWlhkalpXb3lWVGMzYUN0cVZ6RklhSFZOY1dOVmFYSkRiMFpvTjJOSFJHbDBOamx4YTBOa05sRTJLM0pTZW1SVE1DdDRRblpHV0daaVVGUlRkREpwTVVZeFdVMHZRWFJrU21WTVF6TmlVWE5vTldwb05WQTRXR0ZGZWs1allpdDJWeXRJVkdwdk5pdHNkV1ozY25SeVMxaFVjRkZvUldkS1ZXaHBhVGx5VWtOVmRqTndNQzh2WkVWWU4wbENha0V6YUVsWE16UmFSWFp0TDNnMWRqYzRSMHRETWpkWGVFSnFlRU5hYkVSSmNHWk5ORWd3YldKUmJYSllNbWROUVhablNURm9XWE5JZUNJc0ltMWhZeUk2SW1VeU16UTNOV1poT1dGak5tSXhNR0kxTmpjMk5qZ3daakF3TVdWa1lXSm1aRGt6Wm1NNFkyVTBNekZoWVdKbFkyTTFZak0wTW1abFlXVXdaR1UwTlRVaUxDSjBZV2NpT2lJaWZRPT0=', 1752029784),
('Up8ZQa9UvoeHFwFSIVUe9nXfRO7W15shTDD7R0mB', NULL, '172.71.150.59', 'SentryUptimeBot/1.0 (+http://docs.sentry.io/product/alerts/uptime-monitoring/)', 'ZXlKcGRpSTZJazFoY1hwTGNYVllRV2xMY201bFMxUm5UVVk1UzBFOVBTSXNJblpoYkhWbElqb2lkbk00YUZZNVpXZEtkR1JHY0VocWJrSXpjRnBPVTB4WGNGUnRWU3RUTW5wQlMxUmtVWGhCZVVwNU1sRnZibUpKWW1sc2J6UkdjakF6YjNoNE9EVldVVEZGUlVwclQyczVSMFpMWVhCTGNIVlhNbnBMY1VScGNUbGpWM3B3ZVdSRU1tMUtNa1F4YmtSSFRHZFBWSGRoYjNGSFRTODNkMlp0UkZoelp6bFJXVEp4YzNCWFMzQnJjRWg2V0U5UWJqbEpjV0UyYTA5WFNFYzNjR1l3VTFaMlRGVlhkMjk2UldoUVJYWkdRWFJYYVRGQ05WYzRZVkJoY1dKRFowVjRRaTlCYzFGMVZGQnNTVlZPZHpoMFEyWmtaRVpvVlhacGJWRXlSM0JMTVdSQ2F6VkdNaXRMVjBoSGFVTk1TM05KWW5jdmNGbHVaMFZKUWxWaFNsWXhRMnBpZGlJc0ltMWhZeUk2SWpSaE5tRmtNak5pTkRZMFl6SmpORGM1WmpreVpXWmpNR0V3TVRWak9UY3lNR000TTJSa01HSmlOV1EwT0dKaE16QTRPRFk1T0RCak1qWXhOamxpT0RRaUxDSjBZV2NpT2lJaWZRPT0=', 1752027684),
('Utg0Lf7svEuShOFQtFG0wJ3CXJGWpUBdePsVxzyK', NULL, '108.162.245.111', 'SentryUptimeBot/1.0 (+http://docs.sentry.io/product/alerts/uptime-monitoring/)', 'ZXlKcGRpSTZJbU5MZUM5V05HTmFNVXh1YjJ0d1dXTjZaV2RVY2tFOVBTSXNJblpoYkhWbElqb2lWWHBQUVhSNlIzZ3pVVTl1T1dGb1dYTnFSSGhuZFRJNVFYQTNjRU5VVVZwMGR5OWhTaXR4ZVZkRVdYcDFXRGdyYWt0TWFscG9NMWR0V0haSmVFbE5MMGhSYzAxcWJteG5URWR0VjA1bldraFdaSEY2SzJoamFYWkdOMkUxT0RkSlpGVm1ka00yVUdwaWRrMWtURzl4UzNSeU9IZFlTazVsVmpoc1QybHdPRkIwV0ZWM1pHWmpUVkpYWlhwb1RVWTVVRlZ4U1d0V1ZIbEpWMHhHTDBKUVlsZFhjMGRoVldWRWVURTFaRXMwTmxkamRTOUxhekZSUWxaMk1tcHZZM0ZMVGxCV1V5dHlOa2hDWVZsTlZUVTVNSE5DVkVsWGJWUlNjWEEyU1dOb2VFRXpVMGswVVRWVEsxQXlSRlZ5WjJoek1XMVRiWGgwWjBKeVQwMVFjVlozVmlJc0ltMWhZeUk2SWpjd01qZGlNek5sT0dFMk5XSmpZMkUwWmpZM01HUmhZMkUwTlRZelpHWXhPR1EyWTJVek5XTmhaR0UzWlRsak5UZGhNV1kxWkRRMU5EbG1ZV00xWldFaUxDSjBZV2NpT2lJaWZRPT0=', 1752025884),
('utN1rhxVkCTZuVuRvfMWtlxU8HmzmJUl6vJDxlGM', NULL, '172.71.146.248', 'SentryUptimeBot/1.0 (+http://docs.sentry.io/product/alerts/uptime-monitoring/)', 'ZXlKcGRpSTZJbEZEWkdSblRXOTZhWEJhZWxkeU5FUllZMEYxWVhjOVBTSXNJblpoYkhWbElqb2lTMFowZURWR1pUUXZPWEpwUTNKcVoxbHZLekZVV2xobldub3pNMnROU1c0eU0wOWhVbEZoUkdkNlpEVkVNMlo0TjA5NlZXcE5NMkZ2VERSaVkweEdhRFY1VUVsRGFFRlFWVlJGUW1vNU9HcGhOblJrTjA5VlNtSlhRVFEzY2t4NVZWaDBUblZFZG1aa1JHUkZNbmx1ZVVNekswbFNSMEpvVERaVlkxQjVOVlI0UlUwNE5pdHNPR0ZLUmtoTlpuSmFiakZDZDAxaWRtRXJRVmRZVkRBdk1qaDVPRzVCTjB4NVNuRlhlbGxhUjFWb2RDdEdVMVowYjFWaWFrTnRNbTF5V0dsbWF6VlBUMU5ZUldkQ1ZVMTJNM3BFZVhKMVRUQTJZV2xtUmxKR2JrTnJjRVp6WkdOS09FdzFjQzlRVTA4MFVGWlNUMHc0U1hNeVpub3JZamxZVWlJc0ltMWhZeUk2SW1KbVpURmxZVFUwWXpNeFlXRmpNakE0Tm1SaFpUazVNR0ZtTW1KaU1UQmtZekF4T0RkaU1ERXdZMkZsTVRsaE1ERXlaRFUxTTJJNFpqQXpNRGRqWkdFaUxDSjBZV2NpT2lJaWZRPT0=', 1752024264),
('uuxygb5vwhuZpu8HdJ3cQX33SrQWNlavn45iB3Nx', NULL, '104.23.180.170', 'Mozilla/5.0 (X11; Linux i686; rv:124.0) Gecko/20100101 Firefox/124.0', 'ZXlKcGRpSTZJbXRSWVUxMVIxbEhOelJoY1hseGJYSkliV1ZvUWxFOVBTSXNJblpoYkhWbElqb2laV2xRUzBKSGFsa3dhRlZHYW5WdVIwcEdaV1pQVjBoUk1sQklkRWxIZUhrMGFXNTVielEyWlhwRmFIRm5jMmM0WmxSUVVUZHRSRkU1V1ZNdkwxZEZlV3RpWTJkSU9VZDViVE4yTHl0YWIxbzFlSHBQTmtaSlRrNUViME41WWxOWlFuRmhUV1pGUW14UFdubzFVRmRIYkdZdlRsaHVVRU4xVjFRelQza3hRbFpGZVhKbE9UaDRhVWxxWnpsc1VEQlZSVmt6WVhGRVFUWkxRa2RGYUdKek9WQjBUMDlGVVhoWlJtOTFPV2d2V0RSTGMwTk9Xa3RKTjI5MFFUZFVUVTlvWWxsd1luRjVVVkZPTW1SVloyWk1hVUpyVFV0R2FXVmpZWHBVU1ZoT2FtZFRiMDl1TjNKM1MwcHFka1EwY1ZkT1oyWk9TbEZLVTJjd1UyVmlaVGdyZENJc0ltMWhZeUk2SW1Rd01qUTVabUZrWlRWaFkyUXpNR0kwWkRKbFlUZGtNRGMyTURJd1lUTmpZVGczTjJFeVlUTTVOekJsTlRKbU5qWTNOemRoWTJRMlpqUmtORE0yTXpRaUxDSjBZV2NpT2lJaWZRPT0=', 1752028473),
('VG7Vty3ysi0WNEbiEuERwnBwZKrTPjJswMGv7vFB', NULL, '172.70.39.157', 'SentryUptimeBot/1.0 (+http://docs.sentry.io/product/alerts/uptime-monitoring/)', 'ZXlKcGRpSTZJazFhZUdFd1UyVnlTMmQ1UVhWQlEwWTVWMmcwT0VFOVBTSXNJblpoYkhWbElqb2lXa1F5TjFaWFp6VkhOMWw0WVhZeGRtaFNVbHB3ZG01M1pIbEViRWxLVTI1WEwwZFFLM2hyYTFGMWFVSlhaa3hhTjFkUlMyUnlZbXA1ZWswdmRFVTFVM056YW5vcldHVlZWM2hzTW1GSFEwTk1jRGhYYjFGemNHVXhaeXRFYm10VllWWk9XVmRCTUhwdk56aHhTa1JUV0hNMVNUVnZaSHBhWWpnMFVITnlSV2hGVjNkNGFqbGpWMHBFTW5scE5GVjBja3N6VmtOMVNrTlFRbko0U1RkMFpWY3daVmhpV1VaeWFqRnVjRzR5WmtOVFdVUnVPVlZRUjJ4ck5HMW9LMmQwZUcxVFZUTmphU3RGYURkNE9WbFRiVVp3ZVhBM2R6ZDRXazlwTXpGUU1XNVNjbHBXUTJOVk1tTnhXVlEwVWt4WFVqUnlOSHBhZG1ScVZtdFFObVZ2TnlJc0ltMWhZeUk2SWpVNE1ERmtaalkxT0RGak9HWmxNVGs0TXpoaFpqTmxZamt4WkRoaFkyTmpNalZtWmpVd016RXpNREZtWlRFM05UWXpZakZoTTJSbVpHSTJZekV5WVdVaUxDSjBZV2NpT2lJaWZRPT0=', 1752025585),
('Vqcej8KSHGbQw6pAHdtHpY3DNvQ6YHq0K95gcbEw', NULL, '104.23.211.64', 'SentryUptimeBot/1.0 (+http://docs.sentry.io/product/alerts/uptime-monitoring/)', 'ZXlKcGRpSTZJazVIUlV3NVdHdE1ZVmh0WTI5NWVVOHZaVVY1UTBFOVBTSXNJblpoYkhWbElqb2lPSFE0WWtWek5tUlBXV2RSYzJodGJESmlXazFpYjNOa1VraDJkVlJtS3pBclprdDRZWFoxUlVseUwxRXlTRFZYVkV4eFJHaDZOMHd4VFdGRWNuQjJTMnhaU2xKeWQwZHJUSGxQTTBoWWFsQTNaa1IzYTNKcFp6VmpVak01T0ZVNFNEbGlPWHByVFV0MlMyeFlVR3BRUmpacFpEUmxNekpNVkhkUWNYbEJWVzlvTjJ0bWREQjRVRVJLZVRaSFVqRm9aRE5NVmpad1RUWmlSR1ZRWVVGSmFYSldSRXQyZEVKNlJ6bFRORU55Y205TlNVaEplVmRxVFhrMVkwNXlSRkZxU1RCR1VVZGFiMVIxVGpkQ0syNUdORUZVYjBwVVVIcDVkbFIzYjFkUGN6WmhLMHN2UTIxcWNYUjFjWGt2TlVoUmNFTm1USEJRTDI5WlMxcHNUR2RuYlNJc0ltMWhZeUk2SW1aaVl6UTJPR1l4WmpVNFlXTmtOMkpoWXpobE5EYzFOVEUzWlRRNU9EQXpOR0ZtTTJJNU1UZ3hOalU1WkRNNU16QXdOakZsWm1ZNVkyRTFOekprTXpJaUxDSjBZV2NpT2lJaWZRPT0=', 1752024204),
('vs5L1PYlixT6366Esra3YH9d1tR5hL1hgiFawCYx', NULL, '172.68.22.9', 'SentryUptimeBot/1.0 (+http://docs.sentry.io/product/alerts/uptime-monitoring/)', 'ZXlKcGRpSTZJbWxwUkZWQ1NtNHhNMU12SzFoMWFGZFdibmRQVkVFOVBTSXNJblpoYkhWbElqb2lRakV2YTBjMU5ITmljbXhSWW5vM01VNUZXR0V6YUVOSFpURjFVbnBrT1VSbmFHODJiRmhKV2tOMFIxWjRaVmw1TWpkYUswcG5iWGxIY1ZFNVYwVllWRkl4YkhKcFNFdzNNMHhsVTBwNE5FZE9WbmwwV2xrMmMyRm9OREU0VWtVNFZEbG9jMkpsVGxBNVpGUTRhalV2VEdST1lXMDJObXhTVG1sVEswMVZVVnBvVkd4M2RITXdXVnB4Wm5OdE1uZEVNbFZqUnpVeGFUSnJTVVZEZHpkYUwyazRTMnhPWTFaTlZrcDNVMDFOVm1Oc1FrbzRhVWxQU1dKSWNGRmpkRTV4U2xOTk56UktORmRqWWpKb2VqVkpPRzVKY1VRemNIWktlRzFsSzNCTFJWTnRjR2RGTm5NMVdXcERka0p2THprNFlUWlVlbEJYUlhwQ1NqUjVVWGR2YlNJc0ltMWhZeUk2SW1JNVpUVmhPVGxoWW1SbE9EUmpZV0V5TXpGaFpESXpPR1JpWWpKbE1qUXhaakkwTW1KaU1qQmpOMlEwTVRReU9XVXlOamd5WVdNMVpHUTVNelZqTVRJaUxDSjBZV2NpT2lJaWZRPT0=', 1752028944),
('VvaChg2Hl2mZzJdY1CJnQDfajHoewilcNOmBW21l', NULL, '104.23.209.166', 'SentryUptimeBot/1.0 (+http://docs.sentry.io/product/alerts/uptime-monitoring/)', 'ZXlKcGRpSTZJbVZaVlhweFptcFBjREJvTlhwd1RXTjNiblpRYjFFOVBTSXNJblpoYkhWbElqb2lTWGxoVVRkMGFXc3hOaTlvY1UxalVYWnBWRzAyTldWSVYzWjZVVUpyVUhKQmVqRTVWWFJwYzJwdlIzRjVSa05yVmpVdlVFRmtZV0l6TnpSd01ERlRiblEzYVRWMFlXVjViVVZ5VlZsSGJscFdVRkpuZVc1NmNYVnhSa1pKWVhoWWQwRnVlWE56YUZwQmVHWXZZMmc1ZUcxd2VuaENia2hIVDJSb2VVSlJhWEE1VldkMVpqUnBSbEJXVDNaR05IUlpVSHA0YVRWRlkyUkhla3RrZUhndk9YazJkVlkxWWtOdE9GUkplREEzT0hCQ2NUQnhTMHBHUVRaS1Qwa3JNMk0zTlU5WFoweEdOazg0TVhBNFVtUjVLMFp0YVdGS2FHTmpUbVJrYlRob2RrUlFhbkZoYUZkVE9EZGxiakpIT0Vwblkwb3pOWGd5VlVOamJtWkhlRlF4Y3lJc0ltMWhZeUk2SW1ReVl6VXdPRGhtWm1GaVlqUm1PVEF3TVRnME5qWXdaalExTWpnNU1UVTBNbVJoWldSaU1tSTBNV0ZsT0daa01ETXdaV0ppWVRVNE56QXlaVEkzTURZaUxDSjBZV2NpT2lJaWZRPT0=', 1752023604),
('w8ampMnzEm0itpWr7RwzWjw1dmkB967KKZ0MWsqp', NULL, '108.162.245.140', 'SentryUptimeBot/1.0 (+http://docs.sentry.io/product/alerts/uptime-monitoring/)', 'ZXlKcGRpSTZJa1UxU2pkdGNtZDNLekpaY0Rsa1VXeGxPR0UxTm5jOVBTSXNJblpoYkhWbElqb2liRXh0VWtKeFF6ZEpaWE5XVjFsUk1XUkViRFpYTmtGaFNHZHRUR1I0VDFoYWEwaFFkMUptTTFGNGJsVk1jREpHTldwYWRXYzJlRlZzV2xGT1NXd3hWMWRTUlhCcWVGcHNRalpvYmxkalpsY3ZabXN3UTNZNFkxY3JaRGR4U1UwM1NUWklTRXRSYVZKTVkzbE9TVGRrZERCNFNYRk5lRTlaZVhFNGVHRlpXbTVoTmxOYU1uTlhhRWQ1Vm1sak5IRTVhbmRSTVhGdGNqZFpZblZYUkRZNGRtZFlhR1YyT0Zka1ZWTlFVRmhHYTNsSFkyRkdNMWhOVW00MVYwOXFRVWxLUjFCd00yZzRaRXRXUVZaNlVqSTFRVkpXYzNWSlNtWXhXSFU1V1UwclkxcENiV05aTTBaNmQwTlJjR2xGVWpCSVQwVjBZaTkwTTJJek1tZElaeXRvT1NJc0ltMWhZeUk2SWpsbE1tSmlNelEzTURsaFkyWm1NMlJoTmpWbU5UQTJNRGxoT0RjNFlqaGhZek0xWm1RMU5XUmxZVEZsTmpsbU5USTJZVGhsTUdGbVl6ZzJOVGd3TXpjaUxDSjBZV2NpT2lJaWZRPT0=', 1752023364),
('w8WzJ6FxwUiM4fs1oRGvk1iIOLPV2pxvBxM4LKlH', NULL, '172.70.43.114', 'SentryUptimeBot/1.0 (+http://docs.sentry.io/product/alerts/uptime-monitoring/)', 'ZXlKcGRpSTZJbU15YVhVM1pFMDFlbTlWTldJMFdWcHlWRWhDUzBFOVBTSXNJblpoYkhWbElqb2llWFpSVDBrMVUzRkJhbkUyTDFaQkwzSjFNbTlNUlZabVRtSkZXRmxUWlVJME0waE9jbk1yUW5aTk9FVnViV3h0YVdOSVJYWTNOa2RIYjB0Vk5EY3lUMFJYV1VSd1duWm9VR1JKTWtRM01tTldha0pqU0ZNMU9HczNjMnRGVW5WYWF6WXZjMlZ2YlhaM1FqTnBOV3B3TldJNFVFUXpVelZNVGxocGVFcFRMeXR2S3pnck1HVlVSMjVsUVRnd1UwdEVWRVZ5V0VGRGNsY3JObVZtZEdOamJXUkNjbmw0U0hwYU5rbFRZVGhoSzBOeGFIaEJlaXQzUjNoVFMyZEdaMFpWVm5Bd1YwcFNjREIyT0RJd1pHSkNNVXh5TDIxelMwOWlURmRTYVZZMFN6bDRXbTVZYXpWTmRsUktlWE16T1RKSFNXOHZlblpXYjI5RmNWcEtlSEF6UkNJc0ltMWhZeUk2SW1Ka056RXlaak5tTWpVNE1qVm1OV1l3TURSa1lXSmhOV05sTW1GaU16STVPR05oTXpnNU9XUTBNR1EyWVdZeU5UZzNOMlJsTlRJeU4yWTVOMkppTURBaUxDSjBZV2NpT2lJaWZRPT0=', 1752023784),
('WF9nnWkNNOfaqAHDNm07cU0gnyakRvWQTbS28Gqy', NULL, '172.70.43.63', 'SentryUptimeBot/1.0 (+http://docs.sentry.io/product/alerts/uptime-monitoring/)', 'ZXlKcGRpSTZJblkzYmpKSU9YY3pUekZHYzBwclJsWndaM2xxTlZFOVBTSXNJblpoYkhWbElqb2lXRUZDTm1Kc2EwTmlVMGhWVUZSaWNGWllXV1UwY1UwMlVVRk9aR29yTVc1SWFWUkZja3RPY21wb1oxRnlhVmMyTVVvM2NHTnZLM1JYUmpJMWExa3ZaakpDYnk5TldVcExZbU5OU0dKTGIzQk9kV1ZGYjNOT2RXNTZSRzVPVVd4UFNHeFpTMFpsUm5NNU0zcHdiSFI2ZFVabU0ybFpLM3BNUzBSd2NEbGxSWGROZFdobFUyVlpLMmhFTTFkbVF6Tm1XazQyYjBaWWRrSm5aMHBLUTB4Qk1VdzBha1JpWm5jMmVrMXpTRXBCTTNrMU1uQTVaMHhITjJOMWN6azRNMWxaVjBkamNXNHdUV2RZUlhKcGJUbHRjR00zV2poalpIa3pORWhxV1ZaT0wyNUdTMEppSzJVelVVczVlVTFNTlRKWVVIaHJWbGcwYTBodFVYcGlLMmR2Y1NJc0ltMWhZeUk2SWpJNU1HTXhabVprTmpabE56Y3pNalF6TTJWalltUXhZMlEzTURNek9XTXlPREZpWlRZNFpqbGtNRE5oTnpreFptVXlPV1JoWm1KbE5tUmhNRE15TmpVaUxDSjBZV2NpT2lJaWZRPT0=', 1752028704),
('wSO8P2LnGKGjcS0yuMoitnVqR9hoymS6BAvFXfvF', NULL, '172.70.38.182', 'SentryUptimeBot/1.0 (+http://docs.sentry.io/product/alerts/uptime-monitoring/)', 'ZXlKcGRpSTZJbVZxVTJablIwZGllVmwzZEROak5HeDNZVEZOTjFFOVBTSXNJblpoYkhWbElqb2lOMmMwV0ZOTGRscFlVbFpzVUdKU01FODVTMFZVYUhSelFVUmxWbXcyVldKTVYyUkNSblJ6Ym5OS0swVk5hRGxhTTJKbFJEWnVjemRJWm1WbVRWZHlVVFZEWVV0ME1XdzVXVzFoY2xWc1JVRnpTMGxCUWpOVU1FaHhMMEp6U1dKaFpYTkRSVkp4VlhwMFFuTTFNMFpUTm10dlluUllLMjFEWmxobE5uZFRNeTkyWlhaUVRFaElUbHB3TXk5aVpXVnBaSGROY1doRlp6aDFXSEprVFU5R2JqaFhNbUZzZFZOWmNIZzBRbE1yUjB4T00wOVhOM2xtTkdGYU0wVXJlWEJSY2tGRWVEWjFSM2RNUjFNMVJFWkZUVzVxY1RBdmVtRkVNVk5hYjNrNFdYZHVkbnBNVjJkQ1QwVk9WRzlSY0VwamRHRjBUMHhLU1RGQ1dXWjNkVWx6S3lJc0ltMWhZeUk2SW1KbU1qaGtNRFF3Wmpka00yUmlaR05pT0dVeE56QmpaR000WWpRME5Ua3pPRGhtWlRJek1qRmhabVZrT0RobE1qaGpaRGhsTldRM1l6QXlNVEkwTW1NaUxDSjBZV2NpT2lJaWZRPT0=', 1752028284),
('WWhATQ1AkSn7sOgpmlodCiRhBGfQjhZNsToFggYk', NULL, '172.70.38.252', 'SentryUptimeBot/1.0 (+http://docs.sentry.io/product/alerts/uptime-monitoring/)', 'ZXlKcGRpSTZJakl3ZURGdFlWWmpRVmRaVGtaR2IwTnhWM0ExSzBFOVBTSXNJblpoYkhWbElqb2lVRVJVUkM5cE1WQmhWbXhFVDJ3elJsWkpRa2cxTldob2FITnlSUzlHZFZBM1dXMXdUVmRqUTFRMFdFSjBNV1Z4TTBaS1MycEdUMFpTSzBsc1ltOWFjV0ZTTlVremEwZENNbm8zWmtnd2VHZFRXbWMwVm00ellUTk9iMmhWUm5kRmRubDNTV2RJUVVjd1VXaGFNRGt4UjJOV1Ztb3JPWEUyWVVwVmFETnpPRXBFYUVSMFYwSXZlblZaWWtOMVExa3ZSRGxUTkRoSGEyc3hhVmgyT1ZKaFFsRlpMMU5SY2paQmQzZHJhRTVZVVdSTVRXNTFPWGRsY1ZCV2JWQndNR1prVGtoUVNqaDFjMVowZFRoTEswSm9jMDQwWTJ0V05tRkViVTV5VUcxRlJqRTBjMmRhTWtWTWVtdFFXVFZrZW14UlJVVktPWEpTTjNaYWVIRkdkazUyTXlJc0ltMWhZeUk2SWpVMU9EY3dZVGhoWVdNMk1qRmlOek5qWldWbVpHSTRNakk0TnpZeFpHRm1PVGN3TVRFMU1tVXhZbVV6WTJWbE56TTVZak0zWkRFNFlXWTNOekJrWmpJaUxDSjBZV2NpT2lJaWZRPT0=', 1752025404),
('X8q2pzkcYBfnSNivvU2OYtPfKY1qNdDeeCPCTEwc', NULL, '172.71.190.78', 'SentryUptimeBot/1.0 (+http://docs.sentry.io/product/alerts/uptime-monitoring/)', 'ZXlKcGRpSTZJbVZwVmpkaFNFVkJURTl5WlhoVWFqUTBhRkpsWWtFOVBTSXNJblpoYkhWbElqb2lWMmhrTjFCUlVITlRVa1JMUmxwT2RFSmthVVZxUlVVdlFqVnZXVFJzVjJaVVluTTBURXAzYzBSc1lqaExjM2R5ZVVFM1JWSlJkamN6WWxrdmNWSTNRV1ZhZGpWQmREaEhjMGd6Tnl0MFlsZ3ZRMlp5U1V4M1RHUm5LM2R6ZUZkb1ZrVndSV2RJUkRaTGVXdEhiWEZwU1VkM1ZFdDFPV1kwZUVoc1NqQkxNbFJyYjFGUU0xTjBibGw2ZERKRlprUktMMkZtZVcxVlprcFJWMGhUWTFZelNUQTFiVUZzZURWaVMwVm5NM0pqUldWcVNYaFZjRFJFT1ZSbmVsZ3ZORk5TV2tKWFozQndhamhDYlV4VmNUTnlTa05JTkdwWVRYRlFhbFY1TkRGc1ducGFNR2x3UnpSUmIzTlFkMnBRUW5SaFdIQk5aM1psTUdSeWQwVnZOa1J2U3lJc0ltMWhZeUk2SW1GbFpXSTNZamxtWldVeE5XUTNaalZqWkdFd056ZGhOMlUyTURCallUSmxaR1kyTVdNek9EQTJOR1V4TkdJek5HWm1ORGxpWXpSa1l6RTBZbVEzWVdFaUxDSjBZV2NpT2lJaWZRPT0=', 1752026844),
('X98v57KtEd4i1x6vE4o37IKYiOZCkfR4psbeLQIb', NULL, '172.71.150.119', 'SentryUptimeBot/1.0 (+http://docs.sentry.io/product/alerts/uptime-monitoring/)', 'ZXlKcGRpSTZJbUptVkRaSVltZEROVXgzU25BNVpXZE5XRWhFUjNjOVBTSXNJblpoYkhWbElqb2lPSFpMZVhKNE5USTVZaTkxVTJaRVN5c3JUazgwWm1NcmF6Tm5RVFY2UTI5amJHSjBiM3B4UkZvM2RTOXBMMWRQVkRGeVRUWnNXWFF2TjNGMWMwSm9WVGRVU2toUmJVZFlWREo2VVM4M1ZsVmFWbEJpYTBSRVNFNXFTVWxVWjNCTGQydEhXbVJXT1V0NmJ6WkVLMnd3THpoMGQycFJVMHN5ZVdWb1kyWkpRbmg1TlVkeVpreEZRVXRZUVhwc1JtNVFkekZQVkd0MFUyRlJkak15U0ZWMVdrVk1lRFJXUmpGVGEwTXhUSGRMUjBkelMzWlRSakppWVhJMlNtSkxaVXN4V1VvdldqaGhVMnN3YlZGbFdscGFTbU00UVdvMmNVTXliMnhOWld4ck1WbDZSMlpzYmtsSmJXVmxPWGR0ZFU1MGVHSmFXVlpsTUdNMlpsUmxTMUZETXlJc0ltMWhZeUk2SW1VME56Y3lOV0kwWW1NeFpqVXhPRGd5TnpFNU1qQXlNREF6TVdRNFl6YzBOR1EzTm1OaU9ESTVOelppTlRNeFlqTXpZVGxrT1RJME5ESTVaakl4WkRFaUxDSjBZV2NpT2lJaWZRPT0=', 1752026784),
('Xc4bo6cv1DMDR80z8M5O2eFa3Hl3LCUTYUQHoPOH', NULL, '104.23.209.166', 'SentryUptimeBot/1.0 (+http://docs.sentry.io/product/alerts/uptime-monitoring/)', 'ZXlKcGRpSTZJakZaVWxSWk1FbFNRbXc1YkVablNHbHZOVkkyUVhjOVBTSXNJblpoYkhWbElqb2liV3g1UjJ4aGFVVTFSekpqUVZCRlJHdEdNV3hSWW5OSVNETm5VVk4zWlZoQldsSnRLMDl4T0d0clMxTjZMMEpOVkdkcWFHb3dTeTlSU0cxYUwwOTBkMHAyVW5Sd2FqRTNObFEyVVdkSFdWWklhVkJFTW01SVlTOTVPWEY2VUUxR2VtRktOblIyWldWa2JtWnlVM0JvWTJZNFFYQkdiemNyWWpBMEwwTnNVbXhyYlVGWE9UVTRPRlprUVcxamFVWkplVWRIU1d4VlJHaFNUbXhqTm5ScU1WTlRTakJTU20xcFNucFRPR3R1VjJReE5uZDNaa056VVRZMFYxQXhaV0ptUjFneGRUUlBiVmRTVERGV2QyNVFSVE5QTWtZeGVGQkNRbE15UjFOeVVHOU9SVmxzV0RkcmVEVnBUQ3RrYVdKaFUwOUhUbU5FTDNGeEsyMW9ValV5WmlJc0ltMWhZeUk2SWpNNFpqSTROek16T0RNeU5qQmxZVGMyTldFNE5UUXdNakl4WkdRM1kyVTJaamd3WkRBd05UbG1aamRsTVRGbU16QTJOV1kyWm1JeFptSmxNV0l5TURBaUxDSjBZV2NpT2lJaWZRPT0=', 1752023844),
('XLsftpv4Sb6Bd9NlktOpc1183a5bMBQbpAlFDuuz', NULL, '172.70.38.28', 'SentryUptimeBot/1.0 (+http://docs.sentry.io/product/alerts/uptime-monitoring/)', 'ZXlKcGRpSTZJa0o2YzNGUWVEQkVZWEUzWmxaUE9FbzBkbFJuUjBFOVBTSXNJblpoYkhWbElqb2lRbXR1U1ZGamJWSkZjbHBEVG1waGRGZFliRFZqT1hKbldtMTRaMUZGUVdSWFNsWmFZMHM0ZWtSTGMxcHhNVzkzWjFsNWFXWTNjRlZyVWxWYVYyczRTMUl4TlU1SVdVZzRPVTVDWTFweFMzSm5VVVpzTWk5VlpYbDVWbFpDUlRSMVdHUlBhMnRvT1VGWmRVOVpMM2xWUTFZME5qQnVNbVpWVlZGa1lVSm9ZMVV3UjBoQk1WaDFSMGt6Y2xvNFJETnFMMmhCU0Zoa1MyNUNhVk0zTjBkVE5WWjNVRlJCZEN0cE1FbGtRVzFuVEdZM2MyazRiMU5EWkVWUVltMTBZbEJ1YzBVNFRqbFlWUzgzY1d0YU5qTlRWR05vTW1GNVpVaFBZM1V5U0dSNVRuY3hhVlpaVlhSMFJtZDFkbkJKVlVFM056TmFZV05JYzFGUmJFSmpVMVphZHlJc0ltMWhZeUk2SWpjd1pEUXpOamRpTURZMlltRmpOakZtWm1GbE1UVTJOalF3TlRZek5EZ3lORE0xWVdZd01UY3laVFk0TW1aa01HWTNaVFJtWW1KaFltWm1PRFpsWlRNaUxDSjBZV2NpT2lJaWZRPT0=', 1752025764),
('XWYNz1iHAP2l2pfgDX9GB7G3m6yZoC03TVqm7roh', NULL, '162.158.41.33', 'SentryUptimeBot/1.0 (+http://docs.sentry.io/product/alerts/uptime-monitoring/)', 'ZXlKcGRpSTZJaXRNU1ZacVMxSk1SRGRXV0ZRemJHMWpaR1IzUW5jOVBTSXNJblpoYkhWbElqb2lSMU16UzJ0U01sRm5UMkpzWlZaRVkwaDFZbE41VVdoSFlVZDJlbE55VmxGNGJGRXlSVE5LU2xSdmRYZExTbVZFTmpoYVRXZFFaMVZNVTFaSk5XWk5Vak14U2xkbllrOTVTR3h3UnpWTFMzUmpUbWxNYjBOUFZFc3dVQzhyUjI1emRUSjRWa3BPWVdZMWJ5OU1SVTEyTDBGeVQxbGpWME41T1hka2VVRlBNMkZFVVdaMVZXWk1ZbTFTU2xreVR6SndOMVEwZUZnM1RFeGxOM1J5YzFFMWIwRnJkMGdyVWpadVNraE9iV2d4ZUZjeUsyRlVVR2syTkZCNVpGVkhXWGxGTTFoaE56aGxORk4zZWtoc1NpdEpZa3B0Y0N0RlZtWTBjRmt4TDFOUlptOWxXV2RuVGtneGJuUm5iakJUUzJGQk1WRmlhRXh6YkhOaGNrd3ZaSGhqUlNJc0ltMWhZeUk2SW1Zd016bG1Oemt5TmpNeU5UTmpabUZrTmpjME1EWXdaR1EzWVdFMlltUmpaVGt6TnpJek9EYzVNbVl4TWpNNE1XTTBNR00zWmpabFlUYzNPRFk1TXpZaUxDSjBZV2NpT2lJaWZRPT0=', 1752028224),
('Y7WlRySOJCK7MzJu5ByRkekagzw9EAkhNH5c7g4J', NULL, '172.70.39.135', 'SentryUptimeBot/1.0 (+http://docs.sentry.io/product/alerts/uptime-monitoring/)', 'ZXlKcGRpSTZJaTlYVUhwU1VXeE9UVFo2TkdWalNEZG9NMmxHYWtFOVBTSXNJblpoYkhWbElqb2lTM0pXSzBacWFVSlZjVUZsWldOaU5tUjFZWEpqTUd4U1pFbHRheXRPZDJwVU1FazBPSFV2WlVFNVFXeHdkVEZOTUVOaFZrazRWVmxMVnpSa2VqSmxUMmhJYlVJd1NHOUhXSGN2TW1OaWVscHVNa0kxZDBaMU5ucHFWMWswVURReVJrRTNNRXRGUW5oVmMxVjZaM1J1Ymtsa2FrUlBZMWRYT0VaRlFYRmhWbFF2VUdsbGNFMDBjVE12TTFjMFdIRm5iRVo0TWxkR2VGRTFWbHBzTWtkSU9VVk1TbEJ1ZW1GMlZtd3JaM0pFVnk5UmRYUldlamh0VTJGTFpHSnBhVXRXUkU1NlZtWjJOSFJXVTNRcmJqbEZjVFI0SzFZelRIUnhORFkyWkhaTFl6UkJUbmxTYUhsWFpVVldXRVpFWVc1aWFFTkRhbkY1TWpsSFIzaFJabEZ2YVNJc0ltMWhZeUk2SWpRMlltWXdOakV6TTJNMVlUTTNNVEExWXpkaFlUSm1OakEyWW1SaE1qWTBNalUxWldJM04yRXpPR0ZrWkRFd1pqRTRPVE13WVRSak1qZGpZemN6WldZaUxDSjBZV2NpT2lJaWZRPT0=', 1752027264),
('yQPrMEku176ZI4WfmWNHR0etWO1O7dnKBVrzmUr9', NULL, '172.71.191.131', 'SentryUptimeBot/1.0 (+http://docs.sentry.io/product/alerts/uptime-monitoring/)', 'ZXlKcGRpSTZJazEyYW1zNVFVbDFkVGd5UzBoRGRraExOVlp5UmxFOVBTSXNJblpoYkhWbElqb2lkMmwzVHpSTFdGRXZaRk16WVU1VWFUVlRhekI0YTNCcWEydHpObnBOTDBOU1RqQjNlV28wYzNRM1ZYcEphVmRIT0hGeldFcHlWR1prS3padEsxbDNZa3hHU0VwU09HcEhOM05QYUhodFNEWnZhR0o1VjNKMGJFNXRUR0pKYTBWcGJXUlFlV2N5TVRsbE9HcG1iak50YzA5TVZXWnVTeXRDWm14UmNXMUNTMnBaV1hselNEQlRXVGwxZFdSWVdFTnRTMnBzUm01Q1oyTnVTR1ZMUW01c2NpOVhlR0poYVhvelpEQnpWbXB1SzFOS2FVZFZWSHAyY1ZkR2FXUkxXV05WVEZKWVRYbzFUbVFyV2xoSVVWVnFjM3B1T1Rrd01YUnpUblJGTmsxNGRETk9XRmxtT0hkaU1rWkJjVkZMTWtwdlJreHJRMjlxZGtsV1kweERLMGhJYlNJc0ltMWhZeUk2SWpWa05ETTRPV1ZqT1dZMk9UQXdOamN3TWpGaU1tRmtOek5qWmpWall6a3hNRGRtWkRBME5HSTNZVGd4WkdNek9UVmlOV0V5WVRoa09EVTNOVEV3TXpraUxDSjBZV2NpT2lJaWZRPT0=', 1752024324),
('YYV65idGMDwOxlXxc1ChV57vuFQekXqEVgAY4xhn', NULL, '172.71.147.150', 'SentryUptimeBot/1.0 (+http://docs.sentry.io/product/alerts/uptime-monitoring/)', 'ZXlKcGRpSTZJbmw0U0hsQmFtbEdhWEJ6Vm14WGVEVmFhSFkyZUZFOVBTSXNJblpoYkhWbElqb2lRbE4yTmpSbGVrdE5WWGRPZFhrelIybFZiRTEzZERRMVQyaDJTMFF6Vm5oRFNETjZia013UWpKd2FVWkVUa1JwTVRoUWFrZEROM2xaVDNaSlZsTktjVEJEWm1sV1JpOVlkRE5rVGpOTmRsbFVWV3czUkhJMldsbFRVWHBsWlhKaE1sVlhXVVJCYlVaR1NtWktOWGxhYlhGSE9VeFhZVVJ2YnpsQlpWSk9TR3d5UWtaUFFrVjZlbmhaUTJwQ2JFbEdWVEJyWTNGSmVUTkdSVWs0UkZGSk4yTklLM1k0UVdGYWFIQTRiRTlhU1had01XRm5RVlJ4TjA5MmRXMW1iV2xMT1VRM1JuRkJkRTFRV0dWd2MwZFVXV05KTUc1M1JuTjBXRzlpYkN0RVlWSktMeTl6WXpscWNGZGpjRXhVYjJOYVdXVTFjWHBpU0RodkswOWFLM1JqVGlJc0ltMWhZeUk2SWpKbE56Z3hZalUxWkRCa1lUQXpZV1k0Tnpka05UZ3pNemN5TUdFeFl6WXdZVGsyTXpNNU1EUXlPVFEyWWpBd016SXhNelE1TXpkbE1HRTJNekU0TmpJaUxDSjBZV2NpT2lJaWZRPT0=', 1752026064);
INSERT INTO `sessions` (`id`, `user_id`, `ip_address`, `user_agent`, `payload`, `last_activity`) VALUES
('Z3IBWXPHcO97BKkFai4E3S4v20ADbh9aux1GyGtC', NULL, '172.71.150.31', 'SentryUptimeBot/1.0 (+http://docs.sentry.io/product/alerts/uptime-monitoring/)', 'ZXlKcGRpSTZJbkYxWkhscFF6bFJhMFoxV2xsak9URlBjMk5PUTFFOVBTSXNJblpoYkhWbElqb2lTMVZwUjJOUGJDdE1kVXBNVVdkalZFZHNkVVJTUWtOQldFSlVhazQ1YUdGUmRsSm5jRkU0WmtaU2RqVkZja051WjJwbWR6SXJUWGM1Y25wSmNtRXpkVEJSZW5sRU9ERjNUMWRuVG1ab2JIcHFUa1Z6VFhKU2NqZDZUM1JrVlM5T2NraE5WVzA0U1hZdlp6aGtTSGs1ZVdKbVRqSkVSbFp0UlZSRWRGTnBPREprYjBKMldqSTFNREZVVjBnMFVFWnhSbVJtYjJSelYyRlRTbWxoTlRKS1kxUlBlVkJaUzFKUVJIVnBia3MxVFZCRVNuRnFkRGN6VFVkTFVWcHRlbU5ZTDJJd05YQk1jbHAyYTFGc0sybzBTR3d3UzNkdGFrRktaVTFHVDI5clprVTVRVTVzVWxKdk9HZFJkSFJCZUhOTVdXMW9WVFZGTjNkelIzYzBORGhKVHlJc0ltMWhZeUk2SWpJeU9XVm1NelprTURFeE0yTmtaamcyWlRoaE1HSmxOV05tWldaalpEQmtOakZrTURZeVlqQmxZakZqWm1Sa05ETmhPRGN6TmpKaVpqUTFNV1kwWkRFaUxDSjBZV2NpT2lJaWZRPT0=', 1752028585),
('Z4okALcioyrukVzTZHRb2G7IZqlf2iPUl0lRmDH9', NULL, '104.23.209.100', 'SentryUptimeBot/1.0 (+http://docs.sentry.io/product/alerts/uptime-monitoring/)', 'ZXlKcGRpSTZJbEJ4WWxsQ1RIZGtXakpUWlZaWlJrRlZaMkY1YjJjOVBTSXNJblpoYkhWbElqb2lUR2RRVjFOaGFXSXdiVU5KYjJaWlIzaFpkR3RKUlhCVFRXTXplSGx2TjJFNFpIWXdablIzVG5sNE5tTk5lbE5qVkNzeWFHODNLMlZRUzFabGJtMVJkelJKZVRoR1ZWVXZUMFJuUkZoUU1IUktRekl2VjNOdFdHWTRaRVZzVUV0WllXVXJZVVJxTVN0Q0t6RlBUVzlJVnk5VlZVMXZjVlJCVFRseFMzQmFVa1V6V25sMkwyeE9TVTFJVDJ0dkswSjZZMDlTYVRkUFZXSXZUMkZrVG1veU56RnlaRVZaTkRoWFoxUkhOM3BaUkdsSGNYTTFXR3BQYzJoeloxaHZOR1JVWXpWdmNERnJVVEJUZWtaQmRVSmxVMU55TUhNMGRXdzJhM00xZEdwc2N6UlpTbnBGY2taRFEyZEVNMmRhUW5SSlVGSllMMnRFT0hBME5GcFlWVVJyV1NJc0ltMWhZeUk2SWprMVlURTVaamRoTmpreE1qVmlNR1ppTm1JMFkyUTNNbU5pWldZME9XWTBaamt4T1Rrek9EazJaalkyTkRNeFl6STBNak5sTW1JMFpHSmhOMkUwTVRjaUxDSjBZV2NpT2lJaWZRPT0=', 1752025044),
('zAdoCxNmmxcNMxPh2KyIQArdjDYYJXxbteggeqrC', NULL, '172.70.38.183', 'SentryUptimeBot/1.0 (+http://docs.sentry.io/product/alerts/uptime-monitoring/)', 'ZXlKcGRpSTZJbFZEUzI5aU5qUnRiekJsTmpjNFJVNTRUbEpWWjJjOVBTSXNJblpoYkhWbElqb2lWVTlEYTA5d1YxZHdUSFpxYjBKT1UzbzJkamRDYjFWMVR6RkZNV3RHU0ZOUk1HVlZRV3h3VjFGdVVtWXJaVFZqVWxsdU1DdFJiRlEwVkhKelIzQkxNR04wTW1WSlYycHBRV3RaVmpaaE1FOUpUVGN3SzNsNmJsSm9TRXd4Y2pOWlJGQjZhVWwxVEZoR2JrNXNka1J6WTIwNWEyaERhazVQT0dGRGF6UmtOa2N2VTA5d2JHeEliVlo1Y2xZeGExRk1jM05qVW0xd0wzVTFlR2cwTTFSelVXSXJZM1JETlRaeGRXTjNZVFJyZW5kRVlVZzFOWEp1UWpCNmJGSXhNMjF1Y1UxWFRUSjZiVTAwUVVoVGJuazJZMEl4ZGxSRlJGTTJSazFOYTI5cFJrRnhPVmxxU1c1eFJFSmliMkl6T1VSV01tZzFUMjE1Tm5kblRGVklTRnBTY3lJc0ltMWhZeUk2SWpkallqRmtNems0T0RVeE56QXhOakJrTVdGaE5qQmpZakF5TXpNeE5HWmtZV1kwTXpsbU5qUXdOVGsyTVdVd056WTVOemRtWkdJeE9EaGxObVZsTURZaUxDSjBZV2NpT2lJaWZRPT0=', 1752027744),
('zH1McN9GoLW3fqrAHMarfjgjjA51ZSudojxVIZCB', NULL, '104.23.209.101', 'SentryUptimeBot/1.0 (+http://docs.sentry.io/product/alerts/uptime-monitoring/)', 'ZXlKcGRpSTZJbkpQTURWbVdHcFVLMkYyV1cwdlJsbHpOVTltWTJjOVBTSXNJblpoYkhWbElqb2lTeTlhVlhjMWNHWjZWbFJ3Tm5jeWJTdGlUM0pqVDNkRU1Tc3JNVkpXU2pKdWVtUkxSbXR5VFc1RlJHNW9abFJsWTJSRmVETnNiVkJLYW1NclNpczRVR0ZpTldwSGMzQlBlRk5zYWpOdU1XODNVbWhGYjI5SlRqRkRXVFkxU0ZoRlEyWnlhM2RDYkZWMmJuWmxTMjVKVjJNd1IyRjFTMlY2WVZseGJEUlJTekZ6YVZwME5raGxOVzlTUlZGbWVFTk9ka2RSZW1KVWQxa3JOMDg0Umt0NmVWTjFPR1JhU2xWVGNqbE9ibGh0VVRaR1N6RlhkV1J5UWt3MFVUSmxkR3B6VUhSUkwxTnpjM2wwTVhWNlkxZGtTazh6TVM5eE0ydFhaQ3RKVURod2FYQlpZV2xGVDIxM1ZFVXlTMFkzVjJnM1kyRTJXVnBZUTBoU1NqRmxlVE53U2lJc0ltMWhZeUk2SWpVMVpEUXlOMlU1TnpnM01tUmlNakF4TXpVMVlXTmxaRFkwTkRRMk1XRTVaVFF6WldOa01HVXhaakptWTJNMFpUWTBabVZrTURBeU1tVm1Oelk0WVRJaUxDSjBZV2NpT2lJaWZRPT0=', 1752028164),
('ZkbyTa6GctVtOtOtSXOOCqLAcE9TIomuPySlp3D3', NULL, '172.70.134.236', 'SentryUptimeBot/1.0 (+http://docs.sentry.io/product/alerts/uptime-monitoring/)', 'ZXlKcGRpSTZJa1Z2VHpGT2IwNTZRelJIZUZwM09XSjBSR3RDT0djOVBTSXNJblpoYkhWbElqb2lPVzVUVFdWbGFYSjVLMDF4WjI1UFpYSmFjVUY1Ym5aMlIyeG1lWEF2U3pkcWRtRjZOV0ZqTTNKM1RrYzBhSHBCY0V4UFVURlpTbEE0YmtwcU5XdFJVMWd5TTJ3d1NVZFBkRVJySzNaS2RYUlhiVTVWSzA5MmJXVXlia1Y1TUhkeFMzVjNZMGRqTTNWaVQxUXZhbTVhTmxWc1dpOVpNR1pNUTFSelpIWnlUMEl4ZHpKVE1rbDRLMnBQVEdWdlFsRjBaRlJGVjNWT1NHOXZkekJ5T1dNM1pXODVhR2RwYUVKbVJtWllkSHBoWVd4U04ySndTVWRvZUVaV2VYSlRla1l5V1VWTWRISjJUMHN5TTAxU09DOUpjMDVVT0N0Sll5OXlMMmgxU0dFMWJuVTRURUpDYm5GNFVWZFhUR2RIWkRsbFVGRlFhWHAwT1ZCUmJGQXdVRlJZVlNJc0ltMWhZeUk2SWpJek1qWXdabUptTWpNeU5ETTBPVGc1T1RRM09UUmtNbVU0WkRZNFpEUTJaREJtTkRBelpEQTBOMkl5WldNd1ltUTNPR0UwWVdGaE5UYzBZbU13TjJJaUxDSjBZV2NpT2lJaWZRPT0=', 1752025944),
('ZLYZDUqH2f3umv2srpEPc6PNoIsVTzMbR7eC3bsU', NULL, '172.71.223.131', 'SentryUptimeBot/1.0 (+http://docs.sentry.io/product/alerts/uptime-monitoring/)', 'ZXlKcGRpSTZJa1l5T0dkd1ZXOUNXa3RLTTNKQlRrdGlUWFY1VTBFOVBTSXNJblpoYkhWbElqb2lTRll4VEVKSWNuUjZjV3BWTWxjeFdqSllORXhxYkVsR1JEZDZaQzkyYlZwMFVqTjZhQ3RSWlRBeWJUTXJkSHA0Umk5NVMwNUxjRFZrV2xKVmEwbEtiemhOUjJaT1ZteG5aalJDTm5SSFdFZDBTM3BSTVVWRmVHdGlTVmhFTTBORFVYSmxZbTExVEVSM1JqWmFaV0pzY3pkMldHRTVUMlp0TDJkYWFXVldPVlJCU1hndldGWlBLMFl3TDNSU1V6QnFjRmgwWlZsdlkzUjRWRVV3ZUVWMmRrVm1XVzVoVlM4eU9ISkJRV1pIVVRjd1psVlBUazVQU0dkaldGaENLMlpMU25WeFQyaHlVbTR5ZWxrdk5rNVJkR3hOTW1ZeFJuUTVlSFo2TVhoVVYybDROalJsYkhrNVlsTnJVbkppUkhCbVZFOWFOVU5LVG5nelp6WlBhbmt4TWlJc0ltMWhZeUk2SW1abVpHWTBNRGd6TldGbE5qbGpOREZqWm1FMk5URXlaRE0yTVdJM1lqSTVNbU14TWpJeVl6Z3dObUk0TlRRM01UWXhOR1U1WW1ZeU5tRXpaR1V5TWpjaUxDSjBZV2NpT2lJaWZRPT0=', 1752027384),
('ZNlb7iOouhClu3OvPyVC0nsNFw53xTEhH3jnkfiX', NULL, '172.71.223.125', 'SentryUptimeBot/1.0 (+http://docs.sentry.io/product/alerts/uptime-monitoring/)', 'ZXlKcGRpSTZJbGR1YlVrd1Uya3dkV1JCVlVwUU4xRlFOR2RGT0hjOVBTSXNJblpoYkhWbElqb2lkbFkyTWtwaEx5OXFUbWQzVjI5cWExVkVObHBSZG5kbWNFOHlVbTQxWnpWMGRISTFOVzluYm5SblFXWXZlamxpVERkak5WY3ZhamhNVTFwc1FYSjJaVzAzVWpJcllUVktaSGhWVlRKQ2FFRkdWRnBtZWpkVlduWXJjV0pMY25VM2VsRjNVVzh2U1RrNFJuQk9WbGQ0ZUVGdVNIZHZPRTFDWkVKQ1kwOVlMMUp2Y2tvdk1Ia3pibVZ0T0hCUWFHTTBaVGt5Tm1adWNscG5NRzAwU0RWalJXMUdVR3haWTBGeVpWRjVWaXR4WlM4eGRWZHpZMHRhYmxSV00wTndka05YWW5weVRWSjFNVkUyZVhoSVN6azFlbmRrVTBsM1RqTkxjRVZUTjJsMlREaE5XWHBQVVRCSFJFTlZaV0ZwTTBoVVlXWk5RM1p6VlhCWFZVUk1XRTlsV2lJc0ltMWhZeUk2SWpObU1HUXpPRFUyWWpaa1ltWTNOREU0TXpBNVptWXlNV1kyWkRVM1lXSmlOR1ptWXpnME16RmtZekptTVRZd04yVm1NakF4TUdJek1HWXlPVEJtTm1VaUxDSjBZV2NpT2lJaWZRPT0=', 1752026724),
('zNuoWsnhxm0Q3srcRFv3ADOYwEJAPazCrxy3GFk6', NULL, '172.71.146.207', 'SentryUptimeBot/1.0 (+http://docs.sentry.io/product/alerts/uptime-monitoring/)', 'ZXlKcGRpSTZJazVQTm1oMk5uaDRTRFpQTjNKSU5EUlNUR0p5YzNjOVBTSXNJblpoYkhWbElqb2lNVUpYZUZZeldqQmxja2RYUm1aSk9HNVlNVWxDUVZnelMyaG9MeXRaUTJkak5EWldWMEV6VDFWbFFqWjJiRTFZWkVKdVp6aDNjR3gyY1ZOSmNISkdXSE50TTJGNk1XdE1TblpwUTNWd05rNDVZVzR4TlZkU2IwOXdaVEZMTUZrcloxTmtVV3BEWjB4NmMzUTJTR2hEV205T2JYZDBNM040Tkd4Uk56UTNXVVp4ZG0xb2F6ZHNURVpVVFd3eFpUTTVkV3RqUTJKcE9WQTJTbGs0VlV0aVpEWm5TVFJ2VkRaSlducGlPRlpKZWsxS2MwcFNiamh2V0c1bldrbFVWa3R3YlZscWRtWlFkMHhqYVhBeVVscDVXRFV4UzFObE9FSlVTMFp6VEhOV1MyNUliVzExVFZWS1ExTjRWMmhGTUUxcVQxUlVaelYwVWtRMFozRk1ORzlWUnlJc0ltMWhZeUk2SW1Jek1qbGpZV1V4WXpBNE9XWXdaVGhqTTJNeE1UZ3hZVFEyWm1NMU5HSmpNREF4WTJSbVpUUmpOR0V5WVdZM05tWXdNREk0TW1JMk9HVXlaamt4Tm1ZaUxDSjBZV2NpT2lJaWZRPT0=', 1752029844);

-- --------------------------------------------------------

--
-- Table structure for table `users`
--

CREATE TABLE `users` (
  `id` char(36) COLLATE utf8mb4_unicode_ci NOT NULL,
  `name` varchar(255) COLLATE utf8mb4_unicode_ci NOT NULL,
  `email` varchar(255) COLLATE utf8mb4_unicode_ci NOT NULL,
  `email_verified_at` timestamp NULL DEFAULT NULL,
  `password` varchar(255) COLLATE utf8mb4_unicode_ci NOT NULL,
  `avatar` varchar(255) COLLATE utf8mb4_unicode_ci DEFAULT NULL,
  `phone_number` varchar(255) COLLATE utf8mb4_unicode_ci DEFAULT NULL,
  `is_agentic` tinyint(1) NOT NULL DEFAULT '0',
  `is_active` tinyint(1) NOT NULL DEFAULT '1',
  `role` varchar(255) COLLATE utf8mb4_unicode_ci NOT NULL DEFAULT 'user',
  `remember_token` varchar(100) COLLATE utf8mb4_unicode_ci DEFAULT NULL,
  `created_at` timestamp NULL DEFAULT NULL,
  `updated_at` timestamp NULL DEFAULT NULL
) ENGINE=InnoDB DEFAULT CHARSET=utf8mb4 COLLATE=utf8mb4_unicode_ci;

--
-- Dumping data for table `users`
--

INSERT INTO `users` (`id`, `name`, `email`, `email_verified_at`, `password`, `avatar`, `phone_number`, `is_agentic`, `is_active`, `role`, `remember_token`, `created_at`, `updated_at`) VALUES
('0197c52f-4a1b-71b3-9d1b-2aeb0eb4fa69', 'admin', 'admin@cuanku.local', NULL, '$2y$12$HXk3gzlkUZDWASJ5FYaQVumPVMHyFYMI7QeBX/EYXwu.HFKP8cN/a', NULL, NULL, 0, 1, 'admin', NULL, '2025-07-01 08:51:40', '2025-07-01 08:51:40'),
('0197c64d-c615-72f9-8258-ccebafc23906', 'Nanda Fadila', 'fadilananda256@gmail.com', NULL, '$2y$12$D09RX2nN1SupzudTQuznZ.eR8JBLeECagR08uGJNeLhKqyk2F5x26', NULL, '085176853897', 1, 1, 'user', '27FAgUnNItEQEvorujBbQPVtin7GuoqsvnqQQqdDe2HhSXHI5zcgbysXA3Xo', '2025-07-01 14:04:35', '2025-07-07 01:48:04'),
('0197c651-783c-706b-b104-5d6a01ece0aa', 'Titanio Yudista', 'titanioy98@gmail.com', NULL, '$2y$12$uwcpp0b1KffiL7N1m0yYKepux8xM3hoNQ98uarZ6zGFWECJ1lV8NK', NULL, '085174282998', 1, 1, 'user', '26EaXQ8YwTIt18KXrzOz7HJdpM9G0nrO6BnjhXCDcepWxsdX8xjM8PlaSzZd', '2025-07-01 14:08:37', '2025-07-07 03:10:49'),
('0197ca16-89f9-70eb-8874-cd6ed5d701fd', 'yeni', 'arwantiyeninur@gmail.com', NULL, '$2y$12$lpxjzwkMVUEZMj1bIj74wOzpqNjBoeJa615oDBTAYXnedLLKsHGDy', NULL, '088975561715', 1, 1, 'user', NULL, '2025-07-02 07:42:44', '2025-07-07 01:48:23'),
('0197cb45-d924-7080-8b3f-520469632a22', 'Ahmad Fauzan', 'ahfa201204@gmail.com', NULL, '$2y$12$JKJqpQtvtPKxf8kBaUdh.ONRVmGSxM0GY.C/iDgFAcUxS6ZRu4Npa', NULL, '082132290468', 0, 1, 'user', NULL, '2025-07-02 13:14:01', '2025-07-02 13:14:01'),
('0197cb54-a791-73b8-b094-b9f340372ab1', 'Abdur Rozaq', 'dev.rozaq@gmail.com', NULL, '$2y$12$vDTjjGnRmFFsFPTNVMZpIutqBul8TiRYuXTD/DuL/1i9OjSAveEBO', NULL, '082313982216', 0, 1, 'user', NULL, '2025-07-02 13:30:12', '2025-07-02 13:30:12'),
('0197cb5f-408c-7311-bfd3-8dc9206ab601', 'Ahmad Zacky', 'zacky@rugefx.com', NULL, '$2y$12$3AQXyZyAExQ6sO.glSKbqOw/BvPLy75KE9nvM1qSEVp9ciSVhdSOm', NULL, '0895370896873', 0, 1, 'user', NULL, '2025-07-02 13:41:46', '2025-07-02 13:41:46'),
('0197ce50-7163-7103-8a29-cd231a3ddd0d', 'admin', 'admin@admin.com', NULL, '$2y$12$814.D/wNbZsiCMSOyMqade.piwTZ.4eWNPZseDp4xQZNYdgVfOzXy', NULL, '08815086001', 0, 1, 'admin', NULL, '2025-07-03 03:24:27', '2025-07-07 03:11:32'),
('0197ce72-054e-72a1-8df6-17a07ac8892c', 'Farisyah aulia hanum', 'farisyahaulia@gmail.com', NULL, '$2y$12$BlksIXGRfr4d7nNmK9yVT.K3hYNMX4lJ1Z1g2HlysFGMmcy3oqhde', NULL, '085817173537', 0, 1, 'user', NULL, '2025-07-03 04:01:08', '2025-07-03 04:01:08'),
('0197cfbd-8171-7074-a62f-e6689cf012ff', 'Violetha Nazwa Simaremare', 'violethanazwa038@gmail.com', NULL, '$2y$12$pRYdJnpHb//KBSZMgleonejKbiQxyPSrTreG/2Pk7Dic4qt21NRn2', NULL, '089630811457', 0, 1, 'user', NULL, '2025-07-03 10:03:12', '2025-07-03 10:03:12'),
('0197cfc0-637b-718b-8cd3-0b2080c17900', 'Anisa Mufida', 'anisa.tsuroyya@cakrawala.ac.id', NULL, '$2y$12$VNjsDV8pHn2sksNVieCva.8WGMcCrtiqp8c9WuNltYInl55SQL6y2', NULL, '085880475338', 0, 1, 'user', NULL, '2025-07-03 10:06:21', '2025-07-03 10:06:21'),
('0197cfc2-62fb-72e1-b5ca-1b7eb7f7ae63', 'Aguini Providensia', 'aguini.tjandra@cakrawala.ac.id', NULL, '$2y$12$Bq0oHxJ7bXdOZUMlzx75OuHYEdytmUte9Kx3v.2g3KrnyImlb9LeS', NULL, '085230083798', 0, 1, 'user', NULL, '2025-07-03 10:08:32', '2025-07-03 10:08:32'),
('0197cfd6-bede-70cc-a388-b2511bf13f02', 'Hafiz', 'hafiznr123@gmail.com', NULL, '$2y$12$6aQb5KMLl9SVinqjuVEuGucKubfl5xBHZfl4NIm3kaVWl2CbOcnWq', NULL, '082123568202', 0, 1, 'user', NULL, '2025-07-03 10:30:46', '2025-07-03 10:30:46'),
('0197d63a-6c1e-73e7-b41d-f1ea7854df67', 'saveme', 'saveme@gmail.com', NULL, '$2y$12$ty4XYZXj2tbgoR9DVOQm4u2bHQ45jzQq7prMI4BmaeTUHD.MxVdC6', NULL, '0821212212', 0, 1, 'user', NULL, '2025-07-04 16:17:22', '2025-07-04 16:17:22'),
('0197dbd4-2e5f-73da-a2cd-2e3e2798e641', 'rafinail', 'rafinailc18@gmail.com', NULL, '$2y$12$btykXT7P80vLEVoNBAEfpeMsNvXiTqyN6dAAJ1gF/vpop.vDGKJM.', NULL, '087870829155', 0, 1, 'user', NULL, '2025-07-05 18:23:25', '2025-07-05 18:23:25');

--
-- Indexes for dumped tables
--

--
-- Indexes for table `assets`
--
ALTER TABLE `assets`
  ADD PRIMARY KEY (`id`),
  ADD KEY `assets_user_id_foreign` (`user_id`),
  ADD KEY `assets_net_worth_id_foreign` (`net_worth_id`);

--
-- Indexes for table `balances`
--
ALTER TABLE `balances`
  ADD PRIMARY KEY (`id`),
  ADD KEY `balances_user_id_foreign` (`user_id`),
  ADD KEY `balances_goal_id_foreign` (`goal_id`);

--
-- Indexes for table `budgets`
--
ALTER TABLE `budgets`
  ADD PRIMARY KEY (`id`),
  ADD KEY `budgets_user_id_foreign` (`user_id`);

--
-- Indexes for table `cache`
--
ALTER TABLE `cache`
  ADD PRIMARY KEY (`key`);

--
-- Indexes for table `cache_locks`
--
ALTER TABLE `cache_locks`
  ADD PRIMARY KEY (`key`);

--
-- Indexes for table `expenses`
--
ALTER TABLE `expenses`
  ADD PRIMARY KEY (`id`),
  ADD KEY `expenses_user_id_foreign` (`user_id`),
  ADD KEY `expenses_budget_id_foreign` (`budget_id`),
  ADD KEY `expenses_payment_id_foreign` (`payment_id`);

--
-- Indexes for table `failed_jobs`
--
ALTER TABLE `failed_jobs`
  ADD PRIMARY KEY (`id`),
  ADD UNIQUE KEY `failed_jobs_uuid_unique` (`uuid`);

--
-- Indexes for table `goals`
--
ALTER TABLE `goals`
  ADD PRIMARY KEY (`id`),
  ADD KEY `goals_user_id_foreign` (`user_id`);

--
-- Indexes for table `incomes`
--
ALTER TABLE `incomes`
  ADD PRIMARY KEY (`id`),
  ADD KEY `incomes_user_id_foreign` (`user_id`),
  ADD KEY `incomes_budget_id_foreign` (`budget_id`);

--
-- Indexes for table `jobs`
--
ALTER TABLE `jobs`
  ADD PRIMARY KEY (`id`),
  ADD KEY `jobs_queue_index` (`queue`);

--
-- Indexes for table `job_batches`
--
ALTER TABLE `job_batches`
  ADD PRIMARY KEY (`id`);

--
-- Indexes for table `liabilities`
--
ALTER TABLE `liabilities`
  ADD PRIMARY KEY (`id`),
  ADD KEY `liabilities_user_id_foreign` (`user_id`),
  ADD KEY `liabilities_net_worth_id_foreign` (`net_worth_id`);

--
-- Indexes for table `migrations`
--
ALTER TABLE `migrations`
  ADD PRIMARY KEY (`id`);

--
-- Indexes for table `net_worths`
--
ALTER TABLE `net_worths`
  ADD PRIMARY KEY (`id`),
  ADD KEY `net_worths_user_id_foreign` (`user_id`);

--
-- Indexes for table `net_worth_assets`
--
ALTER TABLE `net_worth_assets`
  ADD PRIMARY KEY (`id`),
  ADD KEY `net_worth_assets_asset_id_foreign` (`asset_id`);

--
-- Indexes for table `net_worth_liabilities`
--
ALTER TABLE `net_worth_liabilities`
  ADD PRIMARY KEY (`id`),
  ADD KEY `net_worth_liabilities_liability_id_foreign` (`liability_id`);

--
-- Indexes for table `password_reset_tokens`
--
ALTER TABLE `password_reset_tokens`
  ADD PRIMARY KEY (`email`);

--
-- Indexes for table `payments`
--
ALTER TABLE `payments`
  ADD PRIMARY KEY (`id`),
  ADD KEY `payments_user_id_foreign` (`user_id`);

--
-- Indexes for table `sessions`
--
ALTER TABLE `sessions`
  ADD PRIMARY KEY (`id`),
  ADD KEY `sessions_user_id_index` (`user_id`),
  ADD KEY `sessions_last_activity_index` (`last_activity`);

--
-- Indexes for table `users`
--
ALTER TABLE `users`
  ADD PRIMARY KEY (`id`),
  ADD UNIQUE KEY `users_email_unique` (`email`);

--
-- AUTO_INCREMENT for dumped tables
--

--
-- AUTO_INCREMENT for table `failed_jobs`
--
ALTER TABLE `failed_jobs`
  MODIFY `id` bigint UNSIGNED NOT NULL AUTO_INCREMENT;

--
-- AUTO_INCREMENT for table `jobs`
--
ALTER TABLE `jobs`
  MODIFY `id` bigint UNSIGNED NOT NULL AUTO_INCREMENT;

--
-- AUTO_INCREMENT for table `migrations`
--
ALTER TABLE `migrations`
  MODIFY `id` int UNSIGNED NOT NULL AUTO_INCREMENT, AUTO_INCREMENT=15;

--
-- Constraints for dumped tables
--

--
-- Constraints for table `assets`
--
ALTER TABLE `assets`
  ADD CONSTRAINT `assets_net_worth_id_foreign` FOREIGN KEY (`net_worth_id`) REFERENCES `net_worths` (`id`) ON DELETE CASCADE,
  ADD CONSTRAINT `assets_user_id_foreign` FOREIGN KEY (`user_id`) REFERENCES `users` (`id`) ON DELETE CASCADE;

--
-- Constraints for table `balances`
--
ALTER TABLE `balances`
  ADD CONSTRAINT `balances_goal_id_foreign` FOREIGN KEY (`goal_id`) REFERENCES `goals` (`id`) ON DELETE CASCADE,
  ADD CONSTRAINT `balances_user_id_foreign` FOREIGN KEY (`user_id`) REFERENCES `users` (`id`) ON DELETE CASCADE;

--
-- Constraints for table `budgets`
--
ALTER TABLE `budgets`
  ADD CONSTRAINT `budgets_user_id_foreign` FOREIGN KEY (`user_id`) REFERENCES `users` (`id`) ON DELETE CASCADE;

--
-- Constraints for table `expenses`
--
ALTER TABLE `expenses`
  ADD CONSTRAINT `expenses_budget_id_foreign` FOREIGN KEY (`budget_id`) REFERENCES `budgets` (`id`) ON DELETE CASCADE,
  ADD CONSTRAINT `expenses_payment_id_foreign` FOREIGN KEY (`payment_id`) REFERENCES `payments` (`id`) ON DELETE CASCADE,
  ADD CONSTRAINT `expenses_user_id_foreign` FOREIGN KEY (`user_id`) REFERENCES `users` (`id`) ON DELETE CASCADE;

--
-- Constraints for table `goals`
--
ALTER TABLE `goals`
  ADD CONSTRAINT `goals_user_id_foreign` FOREIGN KEY (`user_id`) REFERENCES `users` (`id`) ON DELETE CASCADE;

--
-- Constraints for table `incomes`
--
ALTER TABLE `incomes`
  ADD CONSTRAINT `incomes_budget_id_foreign` FOREIGN KEY (`budget_id`) REFERENCES `budgets` (`id`) ON DELETE CASCADE,
  ADD CONSTRAINT `incomes_user_id_foreign` FOREIGN KEY (`user_id`) REFERENCES `users` (`id`) ON DELETE CASCADE;

--
-- Constraints for table `liabilities`
--
ALTER TABLE `liabilities`
  ADD CONSTRAINT `liabilities_net_worth_id_foreign` FOREIGN KEY (`net_worth_id`) REFERENCES `net_worths` (`id`) ON DELETE CASCADE,
  ADD CONSTRAINT `liabilities_user_id_foreign` FOREIGN KEY (`user_id`) REFERENCES `users` (`id`) ON DELETE CASCADE;

--
-- Constraints for table `net_worths`
--
ALTER TABLE `net_worths`
  ADD CONSTRAINT `net_worths_user_id_foreign` FOREIGN KEY (`user_id`) REFERENCES `users` (`id`) ON DELETE CASCADE;

--
-- Constraints for table `net_worth_assets`
--
ALTER TABLE `net_worth_assets`
  ADD CONSTRAINT `net_worth_assets_asset_id_foreign` FOREIGN KEY (`asset_id`) REFERENCES `assets` (`id`) ON DELETE CASCADE;

--
-- Constraints for table `net_worth_liabilities`
--
ALTER TABLE `net_worth_liabilities`
  ADD CONSTRAINT `net_worth_liabilities_liability_id_foreign` FOREIGN KEY (`liability_id`) REFERENCES `liabilities` (`id`) ON DELETE CASCADE;

--
-- Constraints for table `payments`
--
ALTER TABLE `payments`
  ADD CONSTRAINT `payments_user_id_foreign` FOREIGN KEY (`user_id`) REFERENCES `users` (`id`) ON DELETE CASCADE;
COMMIT;

/*!40101 SET CHARACTER_SET_CLIENT=@OLD_CHARACTER_SET_CLIENT */;
/*!40101 SET CHARACTER_SET_RESULTS=@OLD_CHARACTER_SET_RESULTS */;
/*!40101 SET COLLATION_CONNECTION=@OLD_COLLATION_CONNECTION */;
